"Hari","Hujan"
2000-01-01,0
2000-01-02,0
2000-01-03,16
2000-01-04,0
2000-01-05,17
2000-01-06,0
2000-01-07,19
2000-01-08,0
2000-01-09,40
2000-01-10,4
2000-01-11,7
2000-01-12,11
2000-01-13,0
2000-01-14,8
2000-01-15,0
2000-01-16,0
2000-01-17,44
2000-01-18,0
2000-01-19,2
2000-01-20,1
2000-01-21,0
2000-01-22,24
2000-01-23,0
2000-01-24,4
2000-01-25,16
2000-01-26,58
2000-01-27,18
2000-01-28,20
2000-01-29,1
2000-01-30,0
2000-01-31,21
2000-02-01,24
2000-02-02,38
2000-02-03,42
2000-02-04,40
2000-02-05,25
2000-02-06,45
2000-02-07,10
2000-02-08,6
2000-02-09,16
2000-02-10,8
2000-02-11,2
2000-02-12,1
2000-02-13,0
2000-02-14,0
2000-02-15,0
2000-02-16,0
2000-02-17,0
2000-02-18,0
2000-02-19,0
2000-02-20,0
2000-02-21,10
2000-02-22,0
2000-02-23,3
2000-02-24,2
2000-02-25,2
2000-02-26,0
2000-02-27,16
2000-02-28,0
2000-02-29,0
2000-03-01,0
2000-03-02,2
2000-03-03,4
2000-03-04,0
2000-03-05,0
2000-03-06,28
2000-03-07,3
2000-03-08,0
2000-03-09,0
2000-03-10,3
2000-03-11,0
2000-03-12,12
2000-03-13,25
2000-03-14,2
2000-03-15,0
2000-03-16,0
2000-03-17,5
2000-03-18,5
2000-03-19,0
2000-03-20,2
2000-03-21,0
2000-03-22,2
2000-03-23,1
2000-03-24,0
2000-03-25,2
2000-03-26,0
2000-03-27,20
2000-03-28,1
2000-03-29,0
2000-03-30,0
2000-03-31,2
2000-04-01,0
2000-04-02,0
2000-04-03,5
2000-04-04,0
2000-04-05,15
2000-04-06,6
2000-04-07,6
2000-04-08,60
2000-04-09,3
2000-04-10,0
2000-04-11,0
2000-04-12,17
2000-04-13,51
2000-04-14,0
2000-04-15,4
2000-04-16,5
2000-04-17,0
2000-04-18,0
2000-04-19,2
2000-04-20,0
2000-04-21,5
2000-04-22,4
2000-04-23,0
2000-04-24,46
2000-04-25,0
2000-04-26,5
2000-04-27,4
2000-04-28,49
2000-04-29,64
2000-04-30,72
2000-05-01,20
2000-05-02,0
2000-05-03,62
2000-05-04,10
2000-05-05,5
2000-05-06,1
2000-05-07,7
2000-05-08,18
2000-05-09,22
2000-05-10,3
2000-05-11,39
2000-05-12,1
2000-05-13,72
2000-05-14,0
2000-05-15,0
2000-05-16,3
2000-05-17,35
2000-05-18,3
2000-05-19,29
2000-05-20,0
2000-05-21,0
2000-05-22,51
2000-05-23,0
2000-05-24,0
2000-05-25,26
2000-05-26,20
2000-05-27,0
2000-05-28,0
2000-05-29,19
2000-05-30,68
2000-05-31,34
2000-06-01,7
2000-06-02,0
2000-06-03,0
2000-06-04,0
2000-06-05,60
2000-06-06,0
2000-06-07,0
2000-06-08,5
2000-06-09,0
2000-06-10,1
2000-06-11,20
2000-06-12,50
2000-06-13,30
2000-06-14,29
2000-06-15,0
2000-06-16,3
2000-06-17,0
2000-06-18,0
2000-06-19,1
2000-06-20,1
2000-06-21,21
2000-06-22,0
2000-06-23,0
2000-06-24,26
2000-06-25,7
2000-06-26,0
2000-06-27,1
2000-06-28,0
2000-06-29,0
2000-06-30,31
2000-07-01,6
2000-07-02,0
2000-07-03,13
2000-07-04,0
2000-07-05,0
2000-07-06,4
2000-07-07,7
2000-07-08,13
2000-07-09,5
2000-07-10,6
2000-07-11,33
2000-07-12,1
2000-07-13,0
2000-07-14,12
2000-07-15,9
2000-07-16,0
2000-07-17,17
2000-07-18,0
2000-07-19,0
2000-07-20,1
2000-07-21,0
2000-07-22,1
2000-07-23,0
2000-07-24,0
2000-07-25,0
2000-07-26,22
2000-07-27,0
2000-07-28,2
2000-07-29,30
2000-07-30,31
2000-07-31,0
2000-08-01,42
2000-08-02,15
2000-08-03,0
2000-08-04,0
2000-08-05,0
2000-08-06,0
2000-08-07,0
2000-08-08,0
2000-08-09,17
2000-08-10,15
2000-08-11,0
2000-08-12,2
2000-08-13,0
2000-08-14,0
2000-08-15,38
2000-08-16,0
2000-08-17,0
2000-08-18,0
2000-08-19,0
2000-08-20,0
2000-08-21,0
2000-08-22,0
2000-08-23,0
2000-08-24,7
2000-08-25,0
2000-08-26,7
2000-08-27,2
2000-08-28,63
2000-08-29,11
2000-08-30,1
2000-08-31,3
2000-09-01,NA
2000-09-02,23
2000-09-03,0
2000-09-04,0
2000-09-05,20
2000-09-06,0
2000-09-07,0
2000-09-08,0
2000-09-09,6
2000-09-10,16
2000-09-11,0
2000-09-12,0
2000-09-13,0
2000-09-14,0
2000-09-15,20
2000-09-16,0
2000-09-17,0
2000-09-18,0
2000-09-19,10
2000-09-20,0
2000-09-21,41
2000-09-22,5
2000-09-23,42
2000-09-24,0
2000-09-25,13
2000-09-26,16
2000-09-27,13
2000-09-28,0
2000-09-29,5
2000-09-30,0
2000-10-01,0
2000-10-02,23
2000-10-03,8
2000-10-04,19
2000-10-05,7
2000-10-06,22
2000-10-07,3
2000-10-08,19
2000-10-09,0
2000-10-10,0
2000-10-11,72
2000-10-12,0
2000-10-13,0
2000-10-14,0
2000-10-15,0
2000-10-16,2
2000-10-17,1
2000-10-18,0
2000-10-19,4
2000-10-20,0
2000-10-21,1
2000-10-22,0
2000-10-23,7
2000-10-24,5
2000-10-25,0
2000-10-26,6
2000-10-27,0
2000-10-28,25
2000-10-29,29
2000-10-30,0
2000-10-31,0
2000-11-01,0
2000-11-02,23
2000-11-03,8
2000-11-04,19
2000-11-05,7
2000-11-06,22
2000-11-07,3
2000-11-08,19
2000-11-09,0
2000-11-10,0
2000-11-11,72
2000-11-12,0
2000-11-13,0
2000-11-14,0
2000-11-15,0
2000-11-16,2
2000-11-17,1
2000-11-18,0
2000-11-19,4
2000-11-20,0
2000-11-21,1
2000-11-22,0
2000-11-23,7
2000-11-24,5
2000-11-25,0
2000-11-26,6
2000-11-27,0
2000-11-28,25
2000-11-29,29
2000-11-30,2
2000-12-01,26
2000-12-02,2
2000-12-03,15
2000-12-04,26
2000-12-05,3
2000-12-06,96
2000-12-07,0
2000-12-08,1
2000-12-09,16
2000-12-10,20
2000-12-11,16
2000-12-12,0
2000-12-13,19
2000-12-14,5
2000-12-15,42
2000-12-16,0
2000-12-17,2
2000-12-18,30
2000-12-19,34
2000-12-20,11
2000-12-21,3
2000-12-22,1
2000-12-23,0
2000-12-24,47
2000-12-25,32
2000-12-26,17
2000-12-27,1
2000-12-28,2
2000-12-29,0
2000-12-30,1
2000-12-31,0
2001-01-01,0
2001-01-02,0
2001-01-03,16
2001-01-04,0
2001-01-05,17
2001-01-06,0
2001-01-07,19
2001-01-08,0
2001-01-09,40
2001-01-10,4
2001-01-11,7
2001-01-12,11
2001-01-13,0
2001-01-14,8
2001-01-15,0
2001-01-16,0
2001-01-17,44
2001-01-18,0
2001-01-19,2
2001-01-20,1
2001-01-21,0
2001-01-22,24
2001-01-23,0
2001-01-24,4
2001-01-25,16
2001-01-26,58
2001-01-27,18
2001-01-28,20
2001-01-29,1
2001-01-30,0
2001-01-31,21
2001-02-01,24
2001-02-02,38
2001-02-03,40
2001-02-04,24
2001-02-05,45
2001-02-06,0
2001-02-07,10
2001-02-08,6
2001-02-09,16
2001-02-10,8
2001-02-11,2
2001-02-12,1
2001-02-13,0
2001-02-14,0
2001-02-15,0
2001-02-16,0
2001-02-17,0
2001-02-18,0
2001-02-19,0
2001-02-20,0
2001-02-21,10
2001-02-22,0
2001-02-23,3
2001-02-24,2
2001-02-25,2
2001-02-26,0
2001-02-27,16
2001-02-28,0
2001-03-01,0
2001-03-02,2
2001-03-03,4
2001-03-04,0
2001-03-05,0
2001-03-06,28
2001-03-07,3
2001-03-08,0
2001-03-09,0
2001-03-10,3
2001-03-11,0
2001-03-12,12
2001-03-13,25
2001-03-14,2
2001-03-15,0
2001-03-16,5
2001-03-17,5
2001-03-18,2
2001-03-19,0
2001-03-20,2
2001-03-21,1
2001-03-22,0
2001-03-23,2
2001-03-24,0
2001-03-25,20
2001-03-26,1
2001-03-27,0
2001-03-28,0
2001-03-29,0
2001-03-30,0
2001-03-31,0
2001-04-01,48
2001-04-02,0
2001-04-03,10
2001-04-04,25
2001-04-05,4
2001-04-06,NA
2001-04-07,12
2001-04-08,7
2001-04-09,0
2001-04-10,0
2001-04-11,1
2001-04-12,20
2001-04-13,0
2001-04-14,0
2001-04-15,0
2001-04-16,0
2001-04-17,2
2001-04-18,0
2001-04-19,12
2001-04-20,27
2001-04-21,0
2001-04-22,0
2001-04-23,51
2001-04-24,0
2001-04-25,0
2001-04-26,51
2001-04-27,3
2001-04-28,5
2001-04-29,5
2001-04-30,15
2001-05-01,20
2001-05-02,0
2001-05-03,62
2001-05-04,10
2001-05-05,5
2001-05-06,1
2001-05-07,7
2001-05-08,18
2001-05-09,22
2001-05-10,3
2001-05-11,39
2001-05-12,1
2001-05-13,72
2001-05-14,0
2001-05-15,0
2001-05-16,3
2001-05-17,35
2001-05-18,3
2001-05-19,29
2001-05-20,0
2001-05-21,0
2001-05-22,51
2001-05-23,0
2001-05-24,0
2001-05-25,26
2001-05-26,20
2001-05-27,0
2001-05-28,0
2001-05-29,19
2001-05-30,68
2001-05-31,0
2001-06-01,7
2001-06-02,0
2001-06-03,0
2001-06-04,0
2001-06-05,60
2001-06-06,0
2001-06-07,0
2001-06-08,5
2001-06-09,0
2001-06-10,1
2001-06-11,20
2001-06-12,50
2001-06-13,30
2001-06-14,29
2001-06-15,0
2001-06-16,0
2001-06-17,0
2001-06-18,0
2001-06-19,1
2001-06-20,1
2001-06-21,21
2001-06-22,0
2001-06-23,0
2001-06-24,26
2001-06-25,7
2001-06-26,0
2001-06-27,1
2001-06-28,0
2001-06-29,0
2001-06-30,31
2001-07-01,6
2001-07-02,0
2001-07-03,13
2001-07-04,0
2001-07-05,0
2001-07-06,4
2001-07-07,7
2001-07-08,13
2001-07-09,5
2001-07-10,6
2001-07-11,33
2001-07-12,1
2001-07-13,0
2001-07-14,12
2001-07-15,9
2001-07-16,0
2001-07-17,17
2001-07-18,0
2001-07-19,0
2001-07-20,1
2001-07-21,0
2001-07-22,1
2001-07-23,0
2001-07-24,0
2001-07-25,0
2001-07-26,22
2001-07-27,0
2001-07-28,2
2001-07-29,30
2001-07-30,31
2001-07-31,0
2001-08-01,0
2001-08-02,42
2001-08-03,15
2001-08-04,0
2001-08-05,0
2001-08-06,0
2001-08-07,0
2001-08-08,0
2001-08-09,0
2001-08-10,17
2001-08-11,15
2001-08-12,0
2001-08-13,0
2001-08-14,0
2001-08-15,0
2001-08-16,38
2001-08-17,0
2001-08-18,0
2001-08-19,0
2001-08-20,0
2001-08-21,0
2001-08-22,0
2001-08-23,0
2001-08-24,0
2001-08-25,0
2001-08-26,7
2001-08-27,63
2001-08-28,11
2001-08-29,1
2001-08-30,3
2001-08-31,0
2001-09-01,23
2001-09-02,0
2001-09-03,0
2001-09-04,0
2001-09-05,20
2001-09-06,1
2001-09-07,0
2001-09-08,0
2001-09-09,6
2001-09-10,16
2001-09-11,0
2001-09-12,0
2001-09-13,0
2001-09-14,0
2001-09-15,20
2001-09-16,2
2001-09-17,0
2001-09-18,0
2001-09-19,10
2001-09-20,0
2001-09-21,41
2001-09-22,5
2001-09-23,42
2001-09-24,0
2001-09-25,13
2001-09-26,16
2001-09-27,13
2001-09-28,0
2001-09-29,5
2001-09-30,0
2001-10-01,0
2001-10-02,23
2001-10-03,8
2001-10-04,19
2001-10-05,7
2001-10-06,22
2001-10-07,3
2001-10-08,19
2001-10-09,0
2001-10-10,0
2001-10-11,72
2001-10-12,0
2001-10-13,0
2001-10-14,0
2001-10-15,0
2001-10-16,0
2001-10-17,1
2001-10-18,0
2001-10-19,4
2001-10-20,0
2001-10-21,1
2001-10-22,0
2001-10-23,7
2001-10-24,5
2001-10-25,0
2001-10-26,6
2001-10-27,0
2001-10-28,25
2001-10-29,29
2001-10-30,2
2001-10-31,0
2001-11-01,26
2001-11-02,2
2001-11-03,15
2001-11-04,26
2001-11-05,3
2001-11-06,96
2001-11-07,0
2001-11-08,1
2001-11-09,16
2001-11-10,20
2001-11-11,16
2001-11-12,0
2001-11-13,19
2001-11-14,5
2001-11-15,42
2001-11-16,0
2001-11-17,2
2001-11-18,30
2001-11-19,34
2001-11-20,11
2001-11-21,3
2001-11-22,1
2001-11-23,0
2001-11-24,46
2001-11-25,32
2001-11-26,1
2001-11-27,2
2001-11-28,2
2001-11-29,0
2001-11-30,1
2001-12-01,7
2001-12-02,0
2001-12-03,0
2001-12-04,0
2001-12-05,0
2001-12-06,0
2001-12-07,0
2001-12-08,0
2001-12-09,19
2001-12-10,0
2001-12-11,2
2001-12-12,0
2001-12-13,5
2001-12-14,0
2001-12-15,0
2001-12-16,0
2001-12-17,20
2001-12-18,0
2001-12-19,0
2001-12-20,0
2001-12-21,0
2001-12-22,0
2001-12-23,6
2001-12-24,1
2001-12-25,28
2001-12-26,0
2001-12-27,0
2001-12-28,3
2001-12-29,0
2001-12-30,2
2001-12-31,0
2002-01-01,24
2002-01-02,23
2002-01-03,52
2002-01-04,5
2002-01-05,0
2002-01-06,0
2002-01-07,2
2002-01-08,24
2002-01-09,0
2002-01-10,0
2002-01-11,4
2002-01-12,0
2002-01-13,0
2002-01-14,5
2002-01-15,12
2002-01-16,1
2002-01-17,27
2002-01-18,78
2002-01-19,15
2002-01-20,0
2002-01-21,18
2002-01-22,21
2002-01-23,9
2002-01-24,2
2002-01-25,42
2002-01-26,10
2002-01-27,29
2002-01-28,47
2002-01-29,30
2002-01-30,115
2002-01-31,53
2002-02-01,86
2002-02-02,56
2002-02-03,20
2002-02-04,3
2002-02-05,4
2002-02-06,7
2002-02-07,48
2002-02-08,27
2002-02-09,1
2002-02-10,17
2002-02-11,30
2002-02-12,7
2002-02-13,37
2002-02-14,9
2002-02-15,4
2002-02-16,0
2002-02-17,1
2002-02-18,5
2002-02-19,7
2002-02-20,23
2002-02-21,22
2002-02-22,15
2002-02-23,10
2002-02-24,0
2002-02-25,0
2002-02-26,18
2002-02-27,0
2002-02-28,2
2002-03-01,0
2002-03-02,38
2002-03-03,0
2002-03-04,1
2002-03-05,0
2002-03-06,2
2002-03-07,0
2002-03-08,7
2002-03-09,23
2002-03-10,0
2002-03-11,0
2002-03-12,3
2002-03-13,2
2002-03-14,31
2002-03-15,0
2002-03-16,26
2002-03-17,68
2002-03-18,36
2002-03-19,0
2002-03-20,6
2002-03-21,3
2002-03-22,18
2002-03-23,13
2002-03-24,56
2002-03-25,0
2002-03-26,0
2002-03-27,35
2002-03-28,51
2002-03-29,73
2002-03-30,6
2002-03-31,0
2002-04-01,46
2002-04-02,0
2002-04-03,49
2002-04-04,6
2002-04-05,0
2002-04-06,12
2002-04-07,0
2002-04-08,68
2002-04-09,25
2002-04-10,9
2002-04-11,12
2002-04-12,0
2002-04-13,0
2002-04-14,7
2002-04-15,0
2002-04-16,133
2002-04-17,1
2002-04-18,1
2002-04-19,78
2002-04-20,35
2002-04-21,22
2002-04-22,0
2002-04-23,0
2002-04-24,25
2002-04-25,15
2002-04-26,4
2002-04-27,12
2002-04-28,0
2002-04-29,11
2002-04-30,0
2002-05-01,4
2002-05-02,3
2002-05-03,0
2002-05-04,0
2002-05-05,0
2002-05-06,5
2002-05-07,7
2002-05-08,34
2002-05-09,30
2002-05-10,16
2002-05-11,0
2002-05-12,46
2002-05-13,0
2002-05-14,0
2002-05-15,8
2002-05-16,0
2002-05-17,21
2002-05-18,0
2002-05-19,0
2002-05-20,0
2002-05-21,0
2002-05-22,69
2002-05-23,0
2002-05-24,4
2002-05-25,0
2002-05-26,0
2002-05-27,11
2002-05-28,5
2002-05-29,0
2002-05-30,0
2002-05-31,0
2002-06-01,44
2002-06-02,19
2002-06-03,0
2002-06-04,12
2002-06-05,0
2002-06-06,66
2002-06-07,0
2002-06-08,4
2002-06-09,0
2002-06-10,0
2002-06-11,0
2002-06-12,20
2002-06-13,0
2002-06-14,0
2002-06-15,5
2002-06-16,0
2002-06-17,0
2002-06-18,0
2002-06-19,0
2002-06-20,0
2002-06-21,0
2002-06-22,60
2002-06-23,14
2002-06-24,0
2002-06-25,0
2002-06-26,0
2002-06-27,0
2002-06-28,0
2002-06-29,0
2002-06-30,0
2002-07-01,0
2002-07-02,0
2002-07-03,0
2002-07-04,0
2002-07-05,1
2002-07-06,0
2002-07-07,17
2002-07-08,37
2002-07-09,0
2002-07-10,16
2002-07-11,39
2002-07-12,0
2002-07-13,0
2002-07-14,56
2002-07-15,10
2002-07-16,62
2002-07-17,31
2002-07-18,16
2002-07-19,36
2002-07-20,0
2002-07-21,0
2002-07-22,0
2002-07-23,0
2002-07-24,0
2002-07-25,0
2002-07-26,4
2002-07-27,0
2002-07-28,0
2002-07-29,0
2002-07-30,13
2002-07-31,3
2002-08-01,0
2002-08-02,0
2002-08-03,0
2002-08-04,0
2002-08-05,0
2002-08-06,15
2002-08-07,0
2002-08-08,0
2002-08-09,17
2002-08-10,0
2002-08-11,70
2002-08-12,0
2002-08-13,0
2002-08-14,0
2002-08-15,0
2002-08-16,0
2002-08-17,0
2002-08-18,0
2002-08-19,28
2002-08-20,3
2002-08-21,0
2002-08-22,0
2002-08-23,0
2002-08-24,0
2002-08-25,0
2002-08-26,0
2002-08-27,0
2002-08-28,0
2002-08-29,0
2002-08-30,0
2002-08-31,0
2002-09-01,0
2002-09-02,0
2002-09-03,0
2002-09-04,0
2002-09-05,23
2002-09-06,0
2002-09-07,0
2002-09-08,0
2002-09-09,20
2002-09-10,0
2002-09-11,0
2002-09-12,0
2002-09-13,0
2002-09-14,8
2002-09-15,0
2002-09-16,0
2002-09-17,0
2002-09-18,0
2002-09-19,0
2002-09-20,0
2002-09-21,0
2002-09-22,0
2002-09-23,0
2002-09-24,0
2002-09-25,0
2002-09-26,0
2002-09-27,0
2002-09-28,19
2002-09-29,78
2002-09-30,0
2002-10-01,0
2002-10-02,0
2002-10-03,0
2002-10-04,0
2002-10-05,0
2002-10-06,50
2002-10-07,10
2002-10-08,7
2002-10-09,85
2002-10-10,5
2002-10-11,1
2002-10-12,4
2002-10-13,0
2002-10-14,0
2002-10-15,63
2002-10-16,0
2002-10-17,0
2002-10-18,0
2002-10-19,14
2002-10-20,0
2002-10-21,0
2002-10-22,0
2002-10-23,0
2002-10-24,0
2002-10-25,0
2002-10-26,0
2002-10-27,1
2002-10-28,5
2002-10-29,0
2002-10-30,0
2002-10-31,20
2002-11-01,0
2002-11-02,0
2002-11-03,0
2002-11-04,76
2002-11-05,7
2002-11-06,36
2002-11-07,6
2002-11-08,10
2002-11-09,46
2002-11-10,0
2002-11-11,18
2002-11-12,13
2002-11-13,0
2002-11-14,20
2002-11-15,2
2002-11-16,29
2002-11-17,5
2002-11-18,0
2002-11-19,0
2002-11-20,6
2002-11-21,0
2002-11-22,10
2002-11-23,46
2002-11-24,41
2002-11-25,0
2002-11-26,9
2002-11-27,39
2002-11-28,0
2002-11-29,0
2002-11-30,18
2002-12-01,0
2002-12-02,0
2002-12-03,0
2002-12-04,0
2002-12-05,0
2002-12-06,75
2002-12-07,20
2002-12-08,40
2002-12-09,50
2002-12-10,3
2002-12-11,7
2002-12-12,5
2002-12-13,2
2002-12-14,4
2002-12-15,21
2002-12-16,9
2002-12-17,52
2002-12-18,0
2002-12-19,0
2002-12-20,0
2002-12-21,61
2002-12-22,0
2002-12-23,22
2002-12-24,8
2002-12-25,43
2002-12-26,47
2002-12-27,8
2002-12-28,0
2002-12-29,0
2002-12-30,0
2002-12-31,0
2003-01-01,24
2003-01-02,0
2003-01-03,4
2003-01-04,2
2003-01-05,0
2003-01-06,0
2003-01-07,0
2003-01-08,0
2003-01-09,0
2003-01-10,0
2003-01-11,0
2003-01-12,0
2003-01-13,0
2003-01-14,0
2003-01-15,0
2003-01-16,0
2003-01-17,0
2003-01-18,2
2003-01-19,0
2003-01-20,0
2003-01-21,0
2003-01-22,0
2003-01-23,0
2003-01-24,5
2003-01-25,32
2003-01-26,52
2003-01-27,0
2003-01-28,5
2003-01-29,12
2003-01-30,0
2003-01-31,15
2003-02-01,25
2003-02-02,20
2003-02-03,6
2003-02-04,60
2003-02-05,98
2003-02-06,0
2003-02-07,0
2003-02-08,28
2003-02-09,0
2003-02-10,0
2003-02-11,39
2003-02-12,70
2003-02-13,68
2003-02-14,0
2003-02-15,16
2003-02-16,0
2003-02-17,46
2003-02-18,4
2003-02-19,0
2003-02-20,14
2003-02-21,55
2003-02-22,43
2003-02-23,22
2003-02-24,0
2003-02-25,3
2003-02-26,0
2003-02-27,11
2003-02-28,2
2003-03-01,20
2003-03-02,8
2003-03-03,0
2003-03-04,0
2003-03-05,0
2003-03-06,0
2003-03-07,0
2003-03-08,0
2003-03-09,0
2003-03-10,11
2003-03-11,0
2003-03-12,0
2003-03-13,35
2003-03-14,18
2003-03-15,28
2003-03-16,0
2003-03-17,11
2003-03-18,6
2003-03-19,71
2003-03-20,6
2003-03-21,45
2003-03-22,17
2003-03-23,16
2003-03-24,0
2003-03-25,7
2003-03-26,23
2003-03-27,0
2003-03-28,14
2003-03-29,17
2003-03-30,12
2003-03-31,35
2003-04-01,4
2003-04-02,5
2003-04-03,21
2003-04-04,0
2003-04-05,47
2003-04-06,0
2003-04-07,0
2003-04-08,0
2003-04-09,0
2003-04-10,21
2003-04-11,53
2003-04-12,2
2003-04-13,20
2003-04-14,99
2003-04-15,11
2003-04-16,82
2003-04-17,0
2003-04-18,0
2003-04-19,52
2003-04-20,11
2003-04-21,18
2003-04-22,0
2003-04-23,0
2003-04-24,4
2003-04-25,0
2003-04-26,50
2003-04-27,12
2003-04-28,2
2003-04-29,26
2003-04-30,79
2003-05-01,5
2003-05-02,76
2003-05-03,36
2003-05-04,0
2003-05-05,64
2003-05-06,41
2003-05-07,5
2003-05-08,0
2003-05-09,8
2003-05-10,0
2003-05-11,38
2003-05-12,0
2003-05-13,77
2003-05-14,7
2003-05-15,0
2003-05-16,0
2003-05-17,19
2003-05-18,0
2003-05-19,13
2003-05-20,52
2003-05-21,0
2003-05-22,0
2003-05-23,4
2003-05-24,8
2003-05-25,11
2003-05-26,0
2003-05-27,0
2003-05-28,0
2003-05-29,0
2003-05-30,47
2003-05-31,0
2003-06-01,0
2003-06-02,0
2003-06-03,0
2003-06-04,0
2003-06-05,0
2003-06-06,0
2003-06-07,0
2003-06-08,0
2003-06-09,0
2003-06-10,0
2003-06-11,0
2003-06-12,0
2003-06-13,0
2003-06-14,0
2003-06-15,50
2003-06-16,33
2003-06-17,0
2003-06-18,0
2003-06-19,0
2003-06-20,0
2003-06-21,0
2003-06-22,0
2003-06-23,5
2003-06-24,0
2003-06-25,0
2003-06-26,0
2003-06-27,0
2003-06-28,0
2003-06-29,0
2003-06-30,0
2003-07-01,0
2003-07-02,0
2003-07-03,0
2003-07-04,0
2003-07-05,0
2003-07-06,5
2003-07-07,0
2003-07-08,0
2003-07-09,0
2003-07-10,0
2003-07-11,0
2003-07-12,0
2003-07-13,0
2003-07-14,21
2003-07-15,0
2003-07-16,0
2003-07-17,0
2003-07-18,0
2003-07-19,0
2003-07-20,0
2003-07-21,0
2003-07-22,0
2003-07-23,0
2003-07-24,0
2003-07-25,0
2003-07-26,0
2003-07-27,0
2003-07-28,0
2003-07-29,0
2003-07-30,0
2003-07-31,0
2003-08-01,0
2003-08-02,0
2003-08-03,0
2003-08-04,0
2003-08-05,0
2003-08-06,0
2003-08-07,0
2003-08-08,0
2003-08-09,0
2003-08-10,0
2003-08-11,0
2003-08-12,0
2003-08-13,0
2003-08-14,0
2003-08-15,0
2003-08-16,0
2003-08-17,0
2003-08-18,0
2003-08-19,0
2003-08-20,0
2003-08-21,25
2003-08-22,0
2003-08-23,0
2003-08-24,5
2003-08-25,0
2003-08-26,15
2003-08-27,0
2003-08-28,0
2003-08-29,18
2003-08-30,0
2003-08-31,0
2003-09-01,0
2003-09-02,12
2003-09-03,55
2003-09-04,0
2003-09-05,0
2003-09-06,51
2003-09-07,0
2003-09-08,0
2003-09-09,0
2003-09-10,0
2003-09-11,0
2003-09-12,0
2003-09-13,78
2003-09-14,0
2003-09-15,11
2003-09-16,15
2003-09-17,0
2003-09-18,0
2003-09-19,47
2003-09-20,0
2003-09-21,0
2003-09-22,0
2003-09-23,0
2003-09-24,0
2003-09-25,0
2003-09-26,3
2003-09-27,0
2003-09-28,0
2003-09-29,0
2003-09-30,28
2003-10-01,0
2003-10-02,16
2003-10-03,0
2003-10-04,0
2003-10-05,25
2003-10-06,9
2003-10-07,56
2003-10-08,0
2003-10-09,95
2003-10-10,40
2003-10-11,44
2003-10-12,0
2003-10-13,4
2003-10-14,0
2003-10-15,0
2003-10-16,2
2003-10-17,20
2003-10-18,19
2003-10-19,0
2003-10-20,42
2003-10-21,0
2003-10-22,0
2003-10-23,25
2003-10-24,16
2003-10-25,0
2003-10-26,0
2003-10-27,94
2003-10-28,0
2003-10-29,75
2003-10-30,0
2003-10-31,5
2003-11-01,0
2003-11-02,0
2003-11-03,0
2003-11-04,0
2003-11-05,60
2003-11-06,19
2003-11-07,0
2003-11-08,0
2003-11-09,0
2003-11-10,0
2003-11-11,0
2003-11-12,0
2003-11-13,40
2003-11-14,0
2003-11-15,0
2003-11-16,0
2003-11-17,0
2003-11-18,0
2003-11-19,0
2003-11-20,75
2003-11-21,5
2003-11-22,0
2003-11-23,4
2003-11-24,0
2003-11-25,0
2003-11-26,98
2003-11-27,0
2003-11-28,0
2003-11-29,0
2003-11-30,0
2003-12-01,0
2003-12-02,0
2003-12-03,19
2003-12-04,5
2003-12-05,0
2003-12-06,40
2003-12-07,13
2003-12-08,0
2003-12-09,0
2003-12-10,0
2003-12-11,0
2003-12-12,0
2003-12-13,24
2003-12-14,16
2003-12-15,0
2003-12-16,0
2003-12-17,0
2003-12-18,23
2003-12-19,5
2003-12-20,4
2003-12-21,0
2003-12-22,14
2003-12-23,3
2003-12-24,6
2003-12-25,3
2003-12-26,2
2003-12-27,8
2003-12-28,0
2003-12-29,15
2003-12-30,1
2003-12-31,7
2004-01-01,0
2004-01-02,48
2004-01-03,0
2004-01-04,0
2004-01-05,3
2004-01-06,36
2004-01-07,0
2004-01-08,0
2004-01-09,0
2004-01-10,0
2004-01-11,0
2004-01-12,33
2004-01-13,42
2004-01-14,38
2004-01-15,0
2004-01-16,0
2004-01-17,0
2004-01-18,70
2004-01-19,0
2004-01-20,27
2004-01-21,0
2004-01-22,0
2004-01-23,37
2004-01-24,28
2004-01-25,33
2004-01-26,36
2004-01-27,5
2004-01-28,3
2004-01-29,40
2004-01-30,2
2004-01-31,0
2004-02-01,0
2004-02-02,0
2004-02-03,30
2004-02-04,0
2004-02-05,0
2004-02-06,0
2004-02-07,4
2004-02-08,0
2004-02-09,31
2004-02-10,12
2004-02-11,0
2004-02-12,1
2004-02-13,16
2004-02-14,18
2004-02-15,1
2004-02-16,17
2004-02-17,40
2004-02-18,15
2004-02-19,50
2004-02-20,6
2004-02-21,2
2004-02-22,18
2004-02-23,4
2004-02-24,6
2004-02-25,25
2004-02-26,0
2004-02-27,0
2004-02-28,0
2004-02-29,15
2004-03-01,20
2004-03-02,0
2004-03-03,0
2004-03-04,17
2004-03-05,2
2004-03-06,0
2004-03-07,9
2004-03-08,8
2004-03-09,3
2004-03-10,38
2004-03-11,0
2004-03-12,0
2004-03-13,39
2004-03-14,49
2004-03-15,0
2004-03-16,19
2004-03-17,3
2004-03-18,10
2004-03-19,26
2004-03-20,0
2004-03-21,0
2004-03-22,0
2004-03-23,0
2004-03-24,0
2004-03-25,0
2004-03-26,0
2004-03-27,0
2004-03-28,0
2004-03-29,0
2004-03-30,63
2004-03-31,10
2004-04-01,64
2004-04-02,44
2004-04-03,9
2004-04-04,46
2004-04-05,0
2004-04-06,27
2004-04-07,7
2004-04-08,14
2004-04-09,76
2004-04-10,80
2004-04-11,10
2004-04-12,21
2004-04-13,7
2004-04-14,5
2004-04-15,0
2004-04-16,0
2004-04-17,0
2004-04-18,0
2004-04-19,20
2004-04-20,36
2004-04-21,0
2004-04-22,31
2004-04-23,93
2004-04-24,15
2004-04-25,7
2004-04-26,0
2004-04-27,0
2004-04-28,0
2004-04-29,0
2004-04-30,48
2004-05-01,0
2004-05-02,59
2004-05-03,18
2004-05-04,17
2004-05-05,52
2004-05-06,0
2004-05-07,0
2004-05-08,0
2004-05-09,0
2004-05-10,3
2004-05-11,0
2004-05-12,78
2004-05-13,0
2004-05-14,0
2004-05-15,0
2004-05-16,0
2004-05-17,0
2004-05-18,0
2004-05-19,35
2004-05-20,0
2004-05-21,0
2004-05-22,5
2004-05-23,0
2004-05-24,20
2004-05-25,0
2004-05-26,0
2004-05-27,17
2004-05-28,18
2004-05-29,4
2004-05-30,0
2004-05-31,0
2004-06-01,0
2004-06-02,0
2004-06-03,0
2004-06-04,0
2004-06-05,0
2004-06-06,0
2004-06-07,12
2004-06-08,0
2004-06-09,0
2004-06-10,0
2004-06-11,0
2004-06-12,0
2004-06-13,0
2004-06-14,0
2004-06-15,48
2004-06-16,0
2004-06-17,0
2004-06-18,0
2004-06-19,1
2004-06-20,6
2004-06-21,8
2004-06-22,0
2004-06-23,0
2004-06-24,0
2004-06-25,0
2004-06-26,0
2004-06-27,42
2004-06-28,0
2004-06-29,0
2004-06-30,0
2004-07-01,0
2004-07-02,0
2004-07-03,10
2004-07-04,0
2004-07-05,0
2004-07-06,5
2004-07-07,0
2004-07-08,2
2004-07-09,7
2004-07-10,60
2004-07-11,5
2004-07-12,33
2004-07-13,27
2004-07-14,0
2004-07-15,7
2004-07-16,0
2004-07-17,17
2004-07-18,0
2004-07-19,0
2004-07-20,0
2004-07-21,0
2004-07-22,0
2004-07-23,0
2004-07-24,5
2004-07-25,3
2004-07-26,0
2004-07-27,0
2004-07-28,0
2004-07-29,0
2004-07-30,0
2004-07-31,0
2004-08-01,0
2004-08-02,15
2004-08-03,0
2004-08-04,0
2004-08-05,0
2004-08-06,0
2004-08-07,0
2004-08-08,0
2004-08-09,0
2004-08-10,0
2004-08-11,0
2004-08-12,0
2004-08-13,0
2004-08-14,0
2004-08-15,30
2004-08-16,0
2004-08-17,0
2004-08-18,0
2004-08-19,0
2004-08-20,0
2004-08-21,0
2004-08-22,0
2004-08-23,0
2004-08-24,32
2004-08-25,0
2004-08-26,0
2004-08-27,27
2004-08-28,0
2004-08-29,0
2004-08-30,0
2004-08-31,0
2004-09-01,0
2004-09-02,2
2004-09-03,28
2004-09-04,19
2004-09-05,18
2004-09-06,29
2004-09-07,0
2004-09-08,10
2004-09-09,0
2004-09-10,0
2004-09-11,31
2004-09-12,0
2004-09-13,0
2004-09-14,10
2004-09-15,3
2004-09-16,0
2004-09-17,18
2004-09-18,86
2004-09-19,0
2004-09-20,6
2004-09-21,0
2004-09-22,0
2004-09-23,4
2004-09-24,0
2004-09-25,9
2004-09-26,8
2004-09-27,0
2004-09-28,26
2004-09-29,23
2004-09-30,6
2004-10-01,19
2004-10-02,0
2004-10-03,0
2004-10-04,18
2004-10-05,0
2004-10-06,0
2004-10-07,0
2004-10-08,38
2004-10-09,0
2004-10-10,44
2004-10-11,36
2004-10-12,0
2004-10-13,0
2004-10-14,0
2004-10-15,0
2004-10-16,0
2004-10-17,0
2004-10-18,0
2004-10-19,12
2004-10-20,15
2004-10-21,7
2004-10-22,0
2004-10-23,20
2004-10-24,17
2004-10-25,40
2004-10-26,0
2004-10-27,0
2004-10-28,26
2004-10-29,0
2004-10-30,10
2004-10-31,17
2004-11-01,0
2004-11-02,2
2004-11-03,28
2004-11-04,19
2004-11-05,18
2004-11-06,29
2004-11-07,0
2004-11-08,10
2004-11-09,0
2004-11-10,0
2004-11-11,31
2004-11-12,0
2004-11-13,0
2004-11-14,10
2004-11-15,3
2004-11-16,0
2004-11-17,18
2004-11-18,86
2004-11-19,0
2004-11-20,6
2004-11-21,0
2004-11-22,0
2004-11-23,4
2004-11-24,0
2004-11-25,9
2004-11-26,8
2004-11-27,0
2004-11-28,26
2004-11-29,23
2004-11-30,6
2004-12-01,8
2004-12-02,0
2004-12-03,0
2004-12-04,0
2004-12-05,0
2004-12-06,0
2004-12-07,0
2004-12-08,0
2004-12-09,0
2004-12-10,0
2004-12-11,0
2004-12-12,30
2004-12-13,22
2004-12-14,2
2004-12-15,0
2004-12-16,48
2004-12-17,16
2004-12-18,0
2004-12-19,73
2004-12-20,26
2004-12-21,36
2004-12-22,13
2004-12-23,8
2004-12-24,43
2004-12-25,66
2004-12-26,26
2004-12-27,13
2004-12-28,5
2004-12-29,19
2004-12-30,0
2004-12-31,4
2005-01-01,0
2005-01-02,0
2005-01-03,0
2005-01-04,0
2005-01-05,7
2005-01-06,2
2005-01-07,26
2005-01-08,0
2005-01-09,0
2005-01-10,0
2005-01-11,8
2005-01-12,32
2005-01-13,55
2005-01-14,28
2005-01-15,12
2005-01-16,0
2005-01-17,40
2005-01-18,31
2005-01-19,69
2005-01-20,0
2005-01-21,36
2005-01-22,6
2005-01-23,23
2005-01-24,0
2005-01-25,29
2005-01-26,0
2005-01-27,0
2005-01-28,3
2005-01-29,0
2005-01-30,13
2005-01-31,0
2005-02-01,0
2005-02-02,0
2005-02-03,27
2005-02-04,58
2005-02-05,43
2005-02-06,0
2005-02-07,0
2005-02-08,38
2005-02-09,0
2005-02-10,0
2005-02-11,41
2005-02-12,32
2005-02-13,29
2005-02-14,11
2005-02-15,0
2005-02-16,0
2005-02-17,44
2005-02-18,5
2005-02-19,8
2005-02-20,46
2005-02-21,97
2005-02-22,3
2005-02-23,0
2005-02-24,12
2005-02-25,0
2005-02-26,2
2005-02-27,10
2005-02-28,20
2005-03-01,6
2005-03-02,31
2005-03-03,0
2005-03-04,0
2005-03-05,6
2005-03-06,20
2005-03-07,86
2005-03-08,18
2005-03-09,0
2005-03-10,0
2005-03-11,15
2005-03-12,5
2005-03-13,0
2005-03-14,0
2005-03-15,48
2005-03-16,0
2005-03-17,57
2005-03-18,0
2005-03-19,0
2005-03-20,21
2005-03-21,0
2005-03-22,0
2005-03-23,0
2005-03-24,68
2005-03-25,32
2005-03-26,24
2005-03-27,0
2005-03-28,58
2005-03-29,37
2005-03-30,0
2005-03-31,0
2005-04-01,0
2005-04-02,0
2005-04-03,0
2005-04-04,0
2005-04-05,10
2005-04-06,0
2005-04-07,0
2005-04-08,22
2005-04-09,0
2005-04-10,0
2005-04-11,19
2005-04-12,0
2005-04-13,2
2005-04-14,0
2005-04-15,39
2005-04-16,0
2005-04-17,18
2005-04-18,0
2005-04-19,40
2005-04-20,17
2005-04-21,5
2005-04-22,24
2005-04-23,0
2005-04-24,0
2005-04-25,0
2005-04-26,72
2005-04-27,0
2005-04-28,0
2005-04-29,0
2005-04-30,0
2005-05-01,0
2005-05-02,0
2005-05-03,0
2005-05-04,0
2005-05-05,66
2005-05-06,0
2005-05-07,33
2005-05-08,14
2005-05-09,42
2005-05-10,0
2005-05-11,58
2005-05-12,40
2005-05-13,48
2005-05-14,0
2005-05-15,24
2005-05-16,134
2005-05-17,0
2005-05-18,0
2005-05-19,0
2005-05-20,0
2005-05-21,0
2005-05-22,0
2005-05-23,0
2005-05-24,0
2005-05-25,0
2005-05-26,5
2005-05-27,0
2005-05-28,0
2005-05-29,0
2005-05-30,0
2005-05-31,0
2005-06-01,0
2005-06-02,0
2005-06-03,0
2005-06-04,3
2005-06-05,42
2005-06-06,101
2005-06-07,6
2005-06-08,0
2005-06-09,26
2005-06-10,0
2005-06-11,0
2005-06-12,0
2005-06-13,6
2005-06-14,36
2005-06-15,18
2005-06-16,8
2005-06-17,0
2005-06-18,16
2005-06-19,0
2005-06-20,9
2005-06-21,20
2005-06-22,19
2005-06-23,0
2005-06-24,63
2005-06-25,40
2005-06-26,124
2005-06-27,56
2005-06-28,0
2005-06-29,29
2005-06-30,52
2005-07-01,0
2005-07-02,0
2005-07-03,14
2005-07-04,0
2005-07-05,15
2005-07-06,0
2005-07-07,69
2005-07-08,0
2005-07-09,0
2005-07-10,0
2005-07-11,17
2005-07-12,6
2005-07-13,22
2005-07-14,0
2005-07-15,0
2005-07-16,56
2005-07-17,20
2005-07-18,4
2005-07-19,0
2005-07-20,18
2005-07-21,13
2005-07-22,0
2005-07-23,0
2005-07-24,0
2005-07-25,0
2005-07-26,0
2005-07-27,0
2005-07-28,0
2005-07-29,14
2005-07-30,9
2005-07-31,0
2005-08-01,0
2005-08-02,0
2005-08-03,0
2005-08-04,39
2005-08-05,38
2005-08-06,0
2005-08-07,0
2005-08-08,0
2005-08-09,0
2005-08-10,0
2005-08-11,0
2005-08-12,1
2005-08-13,24
2005-08-14,0
2005-08-15,0
2005-08-16,0
2005-08-17,0
2005-08-18,5
2005-08-19,15
2005-08-20,10
2005-08-21,0
2005-08-22,7
2005-08-23,40
2005-08-24,2
2005-08-25,17
2005-08-26,48
2005-08-27,0
2005-08-28,8
2005-08-29,9
2005-08-30,28
2005-08-31,0
2005-09-01,0
2005-09-02,0
2005-09-03,0
2005-09-04,0
2005-09-05,0
2005-09-06,25
2005-09-07,0
2005-09-08,28
2005-09-09,0
2005-09-10,8
2005-09-11,0
2005-09-12,107
2005-09-13,0
2005-09-14,26
2005-09-15,2
2005-09-16,39
2005-09-17,1
2005-09-18,17
2005-09-19,0
2005-09-20,7
2005-09-21,13
2005-09-22,0
2005-09-23,10
2005-09-24,0
2005-09-25,8
2005-09-26,0
2005-09-27,3
2005-09-28,0
2005-09-29,0
2005-09-30,35
2005-10-01,25
2005-10-02,0
2005-10-03,0
2005-10-04,27
2005-10-05,30
2005-10-06,28
2005-10-07,0
2005-10-08,0
2005-10-09,70
2005-10-10,0
2005-10-11,5
2005-10-12,29
2005-10-13,71
2005-10-14,17
2005-10-15,0
2005-10-16,23
2005-10-17,0
2005-10-18,5
2005-10-19,1
2005-10-20,0
2005-10-21,3
2005-10-22,39
2005-10-23,6
2005-10-24,0
2005-10-25,0
2005-10-26,0
2005-10-27,59
2005-10-28,0
2005-10-29,14
2005-10-30,0
2005-10-31,7
2005-11-01,0
2005-11-02,0
2005-11-03,8
2005-11-04,0
2005-11-05,36
2005-11-06,13
2005-11-07,45
2005-11-08,0
2005-11-09,0
2005-11-10,0
2005-11-11,0
2005-11-12,0
2005-11-13,47
2005-11-14,5
2005-11-15,0
2005-11-16,3
2005-11-17,19
2005-11-18,0
2005-11-19,15
2005-11-20,6
2005-11-21,0
2005-11-22,0
2005-11-23,38
2005-11-24,7
2005-11-25,17
2005-11-26,5
2005-11-27,8
2005-11-28,0
2005-11-29,0
2005-11-30,0
2005-12-01,35
2005-12-02,0
2005-12-03,0
2005-12-04,0
2005-12-05,0
2005-12-06,15
2005-12-07,0
2005-12-08,2
2005-12-09,1
2005-12-10,19
2005-12-11,0
2005-12-12,0
2005-12-13,20
2005-12-14,6
2005-12-15,9
2005-12-16,0
2005-12-17,13
2005-12-18,5
2005-12-19,3
2005-12-20,0
2005-12-21,2
2005-12-22,10
2005-12-23,11
2005-12-24,0
2005-12-25,2
2005-12-26,0
2005-12-27,0
2005-12-28,0
2005-12-29,4
2005-12-30,0
2005-12-31,5
2006-01-01,0
2006-01-02,0
2006-01-03,22
2006-01-04,0
2006-01-05,11
2006-01-06,9
2006-01-07,10
2006-01-08,0
2006-01-09,39
2006-01-10,25
2006-01-11,9
2006-01-12,104
2006-01-13,10
2006-01-14,0
2006-01-15,39
2006-01-16,0
2006-01-17,29
2006-01-18,0
2006-01-19,3
2006-01-20,0
2006-01-21,0
2006-01-22,12
2006-01-23,60
2006-01-24,31
2006-01-25,15
2006-01-26,9
2006-01-27,32
2006-01-28,45
2006-01-29,2
2006-01-30,0
2006-01-31,3
2006-02-01,12
2006-02-02,0
2006-02-03,57
2006-02-04,0
2006-02-05,10
2006-02-06,23
2006-02-07,16
2006-02-08,17
2006-02-09,83
2006-02-10,0
2006-02-11,0
2006-02-12,0
2006-02-13,44
2006-02-14,0
2006-02-15,75
2006-02-16,0
2006-02-17,79
2006-02-18,2
2006-02-19,0
2006-02-20,25
2006-02-21,0
2006-02-22,0
2006-02-23,0
2006-02-24,0
2006-02-25,39
2006-02-26,15
2006-02-27,0
2006-02-28,3
2006-03-01,27
2006-03-02,0
2006-03-03,0
2006-03-04,0
2006-03-05,0
2006-03-06,0
2006-03-07,0
2006-03-08,0
2006-03-09,0
2006-03-10,0
2006-03-11,49
2006-03-12,0
2006-03-13,0
2006-03-14,0
2006-03-15,0
2006-03-16,0
2006-03-17,0
2006-03-18,7
2006-03-19,10
2006-03-20,0
2006-03-21,18
2006-03-22,0
2006-03-23,54
2006-03-24,0
2006-03-25,19
2006-03-26,0
2006-03-27,9
2006-03-28,0
2006-03-29,2
2006-03-30,0
2006-03-31,0
2006-04-01,0
2006-04-02,0
2006-04-03,3
2006-04-04,0
2006-04-05,0
2006-04-06,0
2006-04-07,0
2006-04-08,4
2006-04-09,0
2006-04-10,0
2006-04-11,47
2006-04-12,44
2006-04-13,0
2006-04-14,26
2006-04-15,1
2006-04-16,42
2006-04-17,20
2006-04-18,0
2006-04-19,27
2006-04-20,37
2006-04-21,0
2006-04-22,6
2006-04-23,24
2006-04-24,30
2006-04-25,14
2006-04-26,0
2006-04-27,0
2006-04-28,11
2006-04-29,0
2006-04-30,1
2006-05-01,0
2006-05-02,0
2006-05-03,0
2006-05-04,3
2006-05-05,0
2006-05-06,2
2006-05-07,0
2006-05-08,29
2006-05-09,0
2006-05-10,0
2006-05-11,4
2006-05-12,38
2006-05-13,0
2006-05-14,0
2006-05-15,0
2006-05-16,0
2006-05-17,0
2006-05-18,0
2006-05-19,0
2006-05-20,0
2006-05-21,32
2006-05-22,0
2006-05-23,0
2006-05-24,0
2006-05-25,0
2006-05-26,53
2006-05-27,67
2006-05-28,6
2006-05-29,0
2006-05-30,0
2006-05-31,0
2006-06-01,77
2006-06-02,3
2006-06-03,0
2006-06-04,95
2006-06-05,0
2006-06-06,0
2006-06-07,6
2006-06-08,0
2006-06-09,0
2006-06-10,0
2006-06-11,0
2006-06-12,0
2006-06-13,0
2006-06-14,0
2006-06-15,0
2006-06-16,0
2006-06-17,0
2006-06-18,0
2006-06-19,0
2006-06-20,0
2006-06-21,0
2006-06-22,67
2006-06-23,0
2006-06-24,0
2006-06-25,0
2006-06-26,0
2006-06-27,0
2006-06-28,0
2006-06-29,0
2006-06-30,0
2006-07-01,0
2006-07-02,0
2006-07-03,0
2006-07-04,0
2006-07-05,0
2006-07-06,0
2006-07-07,0
2006-07-08,0
2006-07-09,0
2006-07-10,55
2006-07-11,0
2006-07-12,0
2006-07-13,0
2006-07-14,0
2006-07-15,0
2006-07-16,0
2006-07-17,0
2006-07-18,4
2006-07-19,0
2006-07-20,0
2006-07-21,0
2006-07-22,0
2006-07-23,0
2006-07-24,0
2006-07-25,0
2006-07-26,0
2006-07-27,0
2006-07-28,0
2006-07-29,0
2006-07-30,9
2006-07-31,3
2006-08-01,0
2006-08-02,0
2006-08-03,0
2006-08-04,0
2006-08-05,0
2006-08-06,0
2006-08-07,0
2006-08-08,0
2006-08-09,0
2006-08-10,0
2006-08-11,0
2006-08-12,0
2006-08-13,0
2006-08-14,0
2006-08-15,0
2006-08-16,0
2006-08-17,0
2006-08-18,0
2006-08-19,1
2006-08-20,3
2006-08-21,32
2006-08-22,0
2006-08-23,0
2006-08-24,0
2006-08-25,41
2006-08-26,0
2006-08-27,0
2006-08-28,0
2006-08-29,0
2006-08-30,0
2006-08-31,1
2006-09-01,0
2006-09-02,0
2006-09-03,0
2006-09-04,0
2006-09-05,0
2006-09-06,0
2006-09-07,0
2006-09-08,0
2006-09-09,0
2006-09-10,0
2006-09-11,0
2006-09-12,0
2006-09-13,0
2006-09-14,78
2006-09-15,4
2006-09-16,0
2006-09-17,7
2006-09-18,8
2006-09-19,0
2006-09-20,0
2006-09-21,14
2006-09-22,33
2006-09-23,0
2006-09-24,0
2006-09-25,0
2006-09-26,0
2006-09-27,0
2006-09-28,0
2006-09-29,0
2006-09-30,0
2006-10-01,0
2006-10-02,0
2006-10-03,0
2006-10-04,0
2006-10-05,19
2006-10-06,15
2006-10-07,51
2006-10-08,0
2006-10-09,0
2006-10-10,0
2006-10-11,0
2006-10-12,0
2006-10-13,0
2006-10-14,0
2006-10-15,48
2006-10-16,5
2006-10-17,0
2006-10-18,0
2006-10-19,0
2006-10-20,0
2006-10-21,3
2006-10-22,0
2006-10-23,0
2006-10-24,0
2006-10-25,17
2006-10-26,12
2006-10-27,56
2006-10-28,20
2006-10-29,8
2006-10-30,0
2006-10-31,11
2006-11-01,37
2006-11-02,0
2006-11-03,13
2006-11-04,29
2006-11-05,0
2006-11-06,22
2006-11-07,28
2006-11-08,9
2006-11-09,0
2006-11-10,15
2006-11-11,34
2006-11-12,23
2006-11-13,0
2006-11-14,0
2006-11-15,0
2006-11-16,10
2006-11-17,30
2006-11-18,0
2006-11-19,0
2006-11-20,0
2006-11-21,0
2006-11-22,0
2006-11-23,6
2006-11-24,25
2006-11-25,0
2006-11-26,52
2006-11-27,0
2006-11-28,55
2006-11-29,13
2006-11-30,39
2006-12-01,13
2006-12-02,36
2006-12-03,10
2006-12-04,1
2006-12-05,19
2006-12-06,0
2006-12-07,70
2006-12-08,32
2006-12-09,17
2006-12-10,5
2006-12-11,0
2006-12-12,0
2006-12-13,0
2006-12-14,0
2006-12-15,0
2006-12-16,4
2006-12-17,21
2006-12-18,0
2006-12-19,5
2006-12-20,6
2006-12-21,24
2006-12-22,16
2006-12-23,59
2006-12-24,35
2006-12-25,69
2006-12-26,0
2006-12-27,0
2006-12-28,27
2006-12-29,25
2006-12-30,34
2006-12-31,2
2007-01-01,0
2007-01-02,0
2007-01-03,0
2007-01-04,0
2007-01-05,0
2007-01-06,0
2007-01-07,0
2007-01-08,0
2007-01-09,0
2007-01-10,0
2007-01-11,0
2007-01-12,0
2007-01-13,0
2007-01-14,0
2007-01-15,0
2007-01-16,0
2007-01-17,25
2007-01-18,46
2007-01-19,60
2007-01-20,0
2007-01-21,0
2007-01-22,36
2007-01-23,51
2007-01-24,0
2007-01-25,7
2007-01-26,17
2007-01-27,0
2007-01-28,9
2007-01-29,84
2007-01-30,1
2007-01-31,50
2007-02-01,16
2007-02-02,0
2007-02-03,157
2007-02-04,26
2007-02-05,12
2007-02-06,0
2007-02-07,0
2007-02-08,0
2007-02-09,0
2007-02-10,1
2007-02-11,0
2007-02-12,36
2007-02-13,0
2007-02-14,8
2007-02-15,32
2007-02-16,81
2007-02-17,22
2007-02-18,44
2007-02-19,4
2007-02-20,3
2007-02-21,2
2007-02-22,0
2007-02-23,29
2007-02-24,0
2007-02-25,27
2007-02-26,5
2007-02-27,37
2007-02-28,0
2007-03-01,3
2007-03-02,18
2007-03-03,0
2007-03-04,12
2007-03-05,5
2007-03-06,23
2007-03-07,25
2007-03-08,6
2007-03-09,27
2007-03-10,10
2007-03-11,0
2007-03-12,2
2007-03-13,0
2007-03-14,2
2007-03-15,5
2007-03-16,73
2007-03-17,0
2007-03-18,0
2007-03-19,36
2007-03-20,14
2007-03-21,0
2007-03-22,0
2007-03-23,0
2007-03-24,0
2007-03-25,0
2007-03-26,6
2007-03-27,0
2007-03-28,3
2007-03-29,0
2007-03-30,9
2007-03-31,20
2007-04-01,6
2007-04-02,26
2007-04-03,12
2007-04-04,0
2007-04-05,9
2007-04-06,40
2007-04-07,22
2007-04-08,16
2007-04-09,75
2007-04-10,13
2007-04-11,0
2007-04-12,14
2007-04-13,17
2007-04-14,2
2007-04-15,0
2007-04-16,0
2007-04-17,0
2007-04-18,6
2007-04-19,0
2007-04-20,0
2007-04-21,7
2007-04-22,20
2007-04-23,13
2007-04-24,5
2007-04-25,0
2007-04-26,4
2007-04-27,61
2007-04-28,0
2007-04-29,0
2007-04-30,0
2007-05-01,0
2007-05-02,7
2007-05-03,4
2007-05-04,0
2007-05-05,5
2007-05-06,3
2007-05-07,0
2007-05-08,0
2007-05-09,26
2007-05-10,0
2007-05-11,2
2007-05-12,0
2007-05-13,0
2007-05-14,6
2007-05-15,0
2007-05-16,0
2007-05-17,10
2007-05-18,0
2007-05-19,3
2007-05-20,8
2007-05-21,0
2007-05-22,1
2007-05-23,0
2007-05-24,0
2007-05-25,3
2007-05-26,0
2007-05-27,0
2007-05-28,0
2007-05-29,31
2007-05-30,36
2007-05-31,0
2007-06-01,24
2007-06-02,0
2007-06-03,0
2007-06-04,0
2007-06-05,9
2007-06-06,35
2007-06-07,3
2007-06-08,11
2007-06-09,80
2007-06-10,0
2007-06-11,0
2007-06-12,0
2007-06-13,0
2007-06-14,4
2007-06-15,0
2007-06-16,0
2007-06-17,6
2007-06-18,0
2007-06-19,0
2007-06-20,5
2007-06-21,36
2007-06-22,15
2007-06-23,0
2007-06-24,0
2007-06-25,0
2007-06-26,0
2007-06-27,20
2007-06-28,29
2007-06-29,0
2007-06-30,17
2007-07-01,21
2007-07-02,0
2007-07-03,0
2007-07-04,0
2007-07-05,19
2007-07-06,0
2007-07-07,0
2007-07-08,0
2007-07-09,0
2007-07-10,0
2007-07-11,0
2007-07-12,0
2007-07-13,0
2007-07-14,0
2007-07-15,0
2007-07-16,0
2007-07-17,0
2007-07-18,0
2007-07-19,0
2007-07-20,0
2007-07-21,0
2007-07-22,0
2007-07-23,0
2007-07-24,0
2007-07-25,0
2007-07-26,0
2007-07-27,0
2007-07-28,0
2007-07-29,12
2007-07-30,6
2007-07-31,9
2007-08-01,0
2007-08-02,0
2007-08-03,0
2007-08-04,0
2007-08-05,0
2007-08-06,0
2007-08-07,0
2007-08-08,0
2007-08-09,14
2007-08-10,0
2007-08-11,0
2007-08-12,0
2007-08-13,0
2007-08-14,11
2007-08-15,0
2007-08-16,0
2007-08-17,0
2007-08-18,0
2007-08-19,0
2007-08-20,2
2007-08-21,3
2007-08-22,0
2007-08-23,24
2007-08-24,36
2007-08-25,0
2007-08-26,0
2007-08-27,0
2007-08-28,0
2007-08-29,0
2007-08-30,0
2007-08-31,0
2007-09-01,0
2007-09-02,0
2007-09-03,0
2007-09-04,0
2007-09-05,0
2007-09-06,0
2007-09-07,0
2007-09-08,86
2007-09-09,0
2007-09-10,0
2007-09-11,0
2007-09-12,0
2007-09-13,0
2007-09-14,0
2007-09-15,2
2007-09-16,3
2007-09-17,25
2007-09-18,0
2007-09-19,0
2007-09-20,0
2007-09-21,0
2007-09-22,0
2007-09-23,0
2007-09-24,0
2007-09-25,4
2007-09-26,0
2007-09-27,0
2007-09-28,0
2007-09-29,0
2007-09-30,0
2007-10-01,0
2007-10-02,0
2007-10-03,0
2007-10-04,0
2007-10-05,0
2007-10-06,0
2007-10-07,0
2007-10-08,45
2007-10-09,0
2007-10-10,0
2007-10-11,0
2007-10-12,0
2007-10-13,5
2007-10-14,0
2007-10-15,9
2007-10-16,0
2007-10-17,20
2007-10-18,0
2007-10-19,0
2007-10-20,0
2007-10-21,0
2007-10-22,0
2007-10-23,6
2007-10-24,13
2007-10-25,8
2007-10-26,0
2007-10-27,0
2007-10-28,4
2007-10-29,0
2007-10-30,7
2007-10-31,2
2007-11-01,0
2007-11-02,0
2007-11-03,0
2007-11-04,37
2007-11-05,6
2007-11-06,9
2007-11-07,3
2007-11-08,53
2007-11-09,27
2007-11-10,38
2007-11-11,23
2007-11-12,34
2007-11-13,14
2007-11-14,4
2007-11-15,6
2007-11-16,7
2007-11-17,0
2007-11-18,17
2007-11-19,0
2007-11-20,0
2007-11-21,0
2007-11-22,0
2007-11-23,0
2007-11-24,0
2007-11-25,0
2007-11-26,0
2007-11-27,0
2007-11-28,0
2007-11-29,8
2007-11-30,47
2007-12-01,28
2007-12-02,29
2007-12-03,62
2007-12-04,12
2007-12-05,14
2007-12-06,0
2007-12-07,42
2007-12-08,0
2007-12-09,0
2007-12-10,37
2007-12-11,17
2007-12-12,9
2007-12-13,15
2007-12-14,5
2007-12-15,0
2007-12-16,0
2007-12-17,0
2007-12-18,10
2007-12-19,16
2007-12-20,6
2007-12-21,20
2007-12-22,0
2007-12-23,4
2007-12-24,0
2007-12-25,0
2007-12-26,0
2007-12-27,0
2007-12-28,18
2007-12-29,2
2007-12-30,0
2007-12-31,22
2008-01-01,40
2008-01-02,12
2008-01-03,24
2008-01-04,0
2008-01-05,0
2008-01-06,0
2008-01-07,0
2008-01-08,0
2008-01-09,0
2008-01-10,0
2008-01-11,0
2008-01-12,0
2008-01-13,0
2008-01-14,0
2008-01-15,14
2008-01-16,0
2008-01-17,3
2008-01-18,0
2008-01-19,3
2008-01-20,10
2008-01-21,0
2008-01-22,144
2008-01-23,0
2008-01-24,0
2008-01-25,0
2008-01-26,4
2008-01-27,13
2008-01-28,3
2008-01-29,2
2008-01-30,31
2008-01-31,36
2008-02-01,78
2008-02-02,0
2008-02-03,0
2008-02-04,15
2008-02-05,0
2008-02-06,13
2008-02-07,14
2008-02-08,18
2008-02-09,20
2008-02-10,10
2008-02-11,7
2008-02-12,9
2008-02-13,2
2008-02-14,38
2008-02-15,13
2008-02-16,10
2008-02-17,14
2008-02-18,38
2008-02-19,2
2008-02-20,0
2008-02-21,24
2008-02-22,8
2008-02-23,3
2008-02-24,6
2008-02-25,0
2008-02-26,40
2008-02-27,0
2008-02-28,9
2008-02-29,4
2008-03-01,0
2008-03-02,6
2008-03-03,28
2008-03-04,3
2008-03-05,24
2008-03-06,63
2008-03-07,0
2008-03-08,21
2008-03-09,20
2008-03-10,8
2008-03-11,5
2008-03-12,29
2008-03-13,19
2008-03-14,39
2008-03-15,7
2008-03-16,47
2008-03-17,127
2008-03-18,94
2008-03-19,32
2008-03-20,6
2008-03-21,0
2008-03-22,7
2008-03-23,0
2008-03-24,6
2008-03-25,0
2008-03-26,0
2008-03-27,0
2008-03-28,2
2008-03-29,0
2008-03-30,7
2008-03-31,2
2008-04-01,6
2008-04-02,5
2008-04-03,0
2008-04-04,0
2008-04-05,57
2008-04-06,76
2008-04-07,106
2008-04-08,11
2008-04-09,21
2008-04-10,0
2008-04-11,56
2008-04-12,19
2008-04-13,0
2008-04-14,6
2008-04-15,17
2008-04-16,10
2008-04-17,0
2008-04-18,43
2008-04-19,1
2008-04-20,25
2008-04-21,7
2008-04-22,18
2008-04-23,0
2008-04-24,0
2008-04-25,9
2008-04-26,0
2008-04-27,0
2008-04-28,7
2008-04-29,0
2008-04-30,58
2008-05-01,0
2008-05-02,0
2008-05-03,34
2008-05-04,11
2008-05-05,0
2008-05-06,13
2008-05-07,0
2008-05-08,19
2008-05-09,0
2008-05-10,0
2008-05-11,0
2008-05-12,13
2008-05-13,18
2008-05-14,0
2008-05-15,0
2008-05-16,0
2008-05-17,0
2008-05-18,0
2008-05-19,12
2008-05-20,21
2008-05-21,0
2008-05-22,29
2008-05-23,0
2008-05-24,0
2008-05-25,0
2008-05-26,0
2008-05-27,0
2008-05-28,0
2008-05-29,0
2008-05-30,55
2008-05-31,0
2008-06-01,0
2008-06-02,0
2008-06-03,7
2008-06-04,35
2008-06-05,16
2008-06-06,28
2008-06-07,0
2008-06-08,0
2008-06-09,5
2008-06-10,9
2008-06-11,0
2008-06-12,12
2008-06-13,0
2008-06-14,3
2008-06-15,2
2008-06-16,3
2008-06-17,0
2008-06-18,55
2008-06-19,4
2008-06-20,0
2008-06-21,0
2008-06-22,0
2008-06-23,4
2008-06-24,0
2008-06-25,0
2008-06-26,0
2008-06-27,5
2008-06-28,0
2008-06-29,0
2008-06-30,0
2008-07-01,0
2008-07-02,0
2008-07-03,0
2008-07-04,0
2008-07-05,0
2008-07-06,0
2008-07-07,0
2008-07-08,0
2008-07-09,0
2008-07-10,0
2008-07-11,0
2008-07-12,0
2008-07-13,9
2008-07-14,0
2008-07-15,3
2008-07-16,0
2008-07-17,0
2008-07-18,0
2008-07-19,0
2008-07-20,0
2008-07-21,0
2008-07-22,0
2008-07-23,0
2008-07-24,0
2008-07-25,14
2008-07-26,0
2008-07-27,0
2008-07-28,0
2008-07-29,0
2008-07-30,0
2008-07-31,24
2008-08-01,0
2008-08-02,0
2008-08-03,27
2008-08-04,0
2008-08-05,5
2008-08-06,0
2008-08-07,0
2008-08-08,0
2008-08-09,0
2008-08-10,0
2008-08-11,0
2008-08-12,0
2008-08-13,0
2008-08-14,0
2008-08-15,3
2008-08-16,22
2008-08-17,0
2008-08-18,0
2008-08-19,3
2008-08-20,13
2008-08-21,0
2008-08-22,0
2008-08-23,6
2008-08-24,16
2008-08-25,42
2008-08-26,0
2008-08-27,0
2008-08-28,0
2008-08-29,87
2008-08-30,7
2008-08-31,2
2008-09-01,29
2008-09-02,0
2008-09-03,0
2008-09-04,32
2008-09-05,35
2008-09-06,0
2008-09-07,8
2008-09-08,19
2008-09-09,33
2008-09-10,0
2008-09-11,1
2008-09-12,0
2008-09-13,0
2008-09-14,0
2008-09-15,0
2008-09-16,0
2008-09-17,0
2008-09-18,0
2008-09-19,0
2008-09-20,0
2008-09-21,0
2008-09-22,41
2008-09-23,16
2008-09-24,122
2008-09-25,9
2008-09-26,11
2008-09-27,0
2008-09-28,3
2008-09-29,59
2008-09-30,22
2008-10-01,1
2008-10-02,9
2008-10-03,6
2008-10-04,22
2008-10-05,44
2008-10-06,0
2008-10-07,0
2008-10-08,2
2008-10-09,0
2008-10-10,0
2008-10-11,37
2008-10-12,0
2008-10-13,0
2008-10-14,6
2008-10-15,0
2008-10-16,34
2008-10-17,10
2008-10-18,3
2008-10-19,8
2008-10-20,3
2008-10-21,0
2008-10-22,3
2008-10-23,21
2008-10-24,0
2008-10-25,0
2008-10-26,12
2008-10-27,0
2008-10-28,20
2008-10-29,0
2008-10-30,0
2008-10-31,56
2008-11-01,38
2008-11-02,87
2008-11-03,12
2008-11-04,44
2008-11-05,0
2008-11-06,3
2008-11-07,2
2008-11-08,0
2008-11-09,66
2008-11-10,73
2008-11-11,0
2008-11-12,20
2008-11-13,112
2008-11-14,0
2008-11-15,0
2008-11-16,2
2008-11-17,13
2008-11-18,0
2008-11-19,0
2008-11-20,0
2008-11-21,0
2008-11-22,0
2008-11-23,62
2008-11-24,0
2008-11-25,0
2008-11-26,10
2008-11-27,0
2008-11-28,0
2008-11-29,15
2008-11-30,0
2008-12-01,14
2008-12-02,0
2008-12-03,16
2008-12-04,21
2008-12-05,5
2008-12-06,29
2008-12-07,3
2008-12-08,0
2008-12-09,0
2008-12-10,0
2008-12-11,15
2008-12-12,22
2008-12-13,0
2008-12-14,0
2008-12-15,20
2008-12-16,4
2008-12-17,1
2008-12-18,0
2008-12-19,8
2008-12-20,0
2008-12-21,0
2008-12-22,0
2008-12-23,29
2008-12-24,0
2008-12-25,57
2008-12-26,0
2008-12-27,0
2008-12-28,0
2008-12-29,0
2008-12-30,12
2008-12-31,0
2009-01-01,4
2009-01-02,0
2009-01-03,0
2009-01-04,0
2009-01-05,0
2009-01-06,13
2009-01-07,3
2009-01-08,20
2009-01-09,0
2009-01-10,0
2009-01-11,17
2009-01-12,35
2009-01-13,32
2009-01-14,36
2009-01-15,8
2009-01-16,15
2009-01-17,0
2009-01-18,3
2009-01-19,72
2009-01-20,40
2009-01-21,0
2009-01-22,0
2009-01-23,0
2009-01-24,36
2009-01-25,3
2009-01-26,0
2009-01-27,0
2009-01-28,4
2009-01-29,0
2009-01-30,6
2009-01-31,2
2009-02-01,28
2009-02-02,27
2009-02-03,28
2009-02-04,17
2009-02-05,14
2009-02-06,30
2009-02-07,12
2009-02-08,8
2009-02-09,27
2009-02-10,0
2009-02-11,13
2009-02-12,2
2009-02-13,0
2009-02-14,0
2009-02-15,5
2009-02-16,2
2009-02-17,2
2009-02-18,0
2009-02-19,0
2009-02-20,9
2009-02-21,17
2009-02-22,14
2009-02-23,0
2009-02-24,0
2009-02-25,9
2009-02-26,40
2009-02-27,15
2009-02-28,0
2009-03-01,0
2009-03-02,0
2009-03-03,0
2009-03-04,4
2009-03-05,15
2009-03-06,0
2009-03-07,17
2009-03-08,0
2009-03-09,35
2009-03-10,64
2009-03-11,6
2009-03-12,5
2009-03-13,0
2009-03-14,9
2009-03-15,0
2009-03-16,0
2009-03-17,0
2009-03-18,0
2009-03-19,0
2009-03-20,0
2009-03-21,45
2009-03-22,0
2009-03-23,0
2009-03-24,27
2009-03-25,8
2009-03-26,25
2009-03-27,1
2009-03-28,5
2009-03-29,23
2009-03-30,0
2009-03-31,0
2009-04-01,0
2009-04-02,0
2009-04-03,7
2009-04-04,0
2009-04-05,6
2009-04-06,65
2009-04-07,45
2009-04-08,0
2009-04-09,0
2009-04-10,0
2009-04-11,12
2009-04-12,5
2009-04-13,0
2009-04-14,5
2009-04-15,0
2009-04-16,4
2009-04-17,0
2009-04-18,21
2009-04-19,31
2009-04-20,0
2009-04-21,13
2009-04-22,0
2009-04-23,9
2009-04-24,0
2009-04-25,0
2009-04-26,0
2009-04-27,97
2009-04-28,7
2009-04-29,0
2009-04-30,9
2009-05-01,0
2009-05-02,29
2009-05-03,0
2009-05-04,28
2009-05-05,92
2009-05-06,0
2009-05-07,15
2009-05-08,20
2009-05-09,0
2009-05-10,12
2009-05-11,22
2009-05-12,0
2009-05-13,6
2009-05-14,0
2009-05-15,0
2009-05-16,0
2009-05-17,0
2009-05-18,3
2009-05-19,4
2009-05-20,2
2009-05-21,29
2009-05-22,0
2009-05-23,0
2009-05-24,25
2009-05-25,0
2009-05-26,0
2009-05-27,0
2009-05-28,0
2009-05-29,0
2009-05-30,2
2009-05-31,30
2009-06-01,0
2009-06-02,44
2009-06-03,0
2009-06-04,3
2009-06-05,35
2009-06-06,0
2009-06-07,0
2009-06-08,0
2009-06-09,0
2009-06-10,0
2009-06-11,0
2009-06-12,0
2009-06-13,30
2009-06-14,10
2009-06-15,16
2009-06-16,22
2009-06-17,6
2009-06-18,0
2009-06-19,0
2009-06-20,0
2009-06-21,0
2009-06-22,0
2009-06-23,0
2009-06-24,0
2009-06-25,0
2009-06-26,0
2009-06-27,0
2009-06-28,0
2009-06-29,0
2009-06-30,7
2009-07-01,0
2009-07-02,0
2009-07-03,0
2009-07-04,0
2009-07-05,0
2009-07-06,0
2009-07-07,0
2009-07-08,0
2009-07-09,0
2009-07-10,0
2009-07-11,0
2009-07-12,0
2009-07-13,0
2009-07-14,0
2009-07-15,0
2009-07-16,0
2009-07-17,0
2009-07-18,0
2009-07-19,0
2009-07-20,0
2009-07-21,0
2009-07-22,5
2009-07-23,0
2009-07-24,112
2009-07-25,7
2009-07-26,92
2009-07-27,0
2009-07-28,0
2009-07-29,0
2009-07-30,0
2009-07-31,0
2009-08-01,0
2009-08-02,0
2009-08-03,0
2009-08-04,0
2009-08-05,0
2009-08-06,0
2009-08-07,0
2009-08-08,0
2009-08-09,0
2009-08-10,0
2009-08-11,0
2009-08-12,0
2009-08-13,0
2009-08-14,8
2009-08-15,0
2009-08-16,0
2009-08-17,84
2009-08-18,0
2009-08-19,0
2009-08-20,0
2009-08-21,0
2009-08-22,2
2009-08-23,0
2009-08-24,5
2009-08-25,0
2009-08-26,12
2009-08-27,0
2009-08-28,0
2009-08-29,0
2009-08-30,0
2009-08-31,0
2009-09-01,0
2009-09-02,0
2009-09-03,6
2009-09-04,0
2009-09-05,0
2009-09-06,0
2009-09-07,0
2009-09-08,0
2009-09-09,0
2009-09-10,40
2009-09-11,18
2009-09-12,0
2009-09-13,0
2009-09-14,0
2009-09-15,0
2009-09-16,53
2009-09-17,37
2009-09-18,35
2009-09-19,0
2009-09-20,12
2009-09-21,0
2009-09-22,0
2009-09-23,2
2009-09-24,79
2009-09-25,0
2009-09-26,0
2009-09-27,0
2009-09-28,0
2009-09-29,0
2009-09-30,0
2009-10-01,0
2009-10-02,0
2009-10-03,9
2009-10-04,0
2009-10-05,55
2009-10-06,0
2009-10-07,7
2009-10-08,0
2009-10-09,0
2009-10-10,0
2009-10-11,0
2009-10-12,13
2009-10-13,36
2009-10-14,40
2009-10-15,1
2009-10-16,0
2009-10-17,62
2009-10-18,0
2009-10-19,0
2009-10-20,15
2009-10-21,0
2009-10-22,26
2009-10-23,30
2009-10-24,42
2009-10-25,0
2009-10-26,8
2009-10-27,0
2009-10-28,59
2009-10-29,0
2009-10-30,0
2009-10-31,109
2009-11-01,0
2009-11-02,0
2009-11-03,0
2009-11-04,0
2009-11-05,95
2009-11-06,0
2009-11-07,0
2009-11-08,55
2009-11-09,0
2009-11-10,0
2009-11-11,29
2009-11-12,0
2009-11-13,12
2009-11-14,0
2009-11-15,13
2009-11-16,0
2009-11-17,16
2009-11-18,20
2009-11-19,30
2009-11-20,0
2009-11-21,0
2009-11-22,20
2009-11-23,0
2009-11-24,46
2009-11-25,0
2009-11-26,0
2009-11-27,0
2009-11-28,2
2009-11-29,0
2009-11-30,0
2009-12-01,7
2009-12-02,0
2009-12-03,13
2009-12-04,25
2009-12-05,1
2009-12-06,0
2009-12-07,36
2009-12-08,0
2009-12-09,0
2009-12-10,0
2009-12-11,32
2009-12-12,0
2009-12-13,55
2009-12-14,0
2009-12-15,0
2009-12-16,0
2009-12-17,0
2009-12-18,0
2009-12-19,0
2009-12-20,0
2009-12-21,0
2009-12-22,0
2009-12-23,3
2009-12-24,20
2009-12-25,54
2009-12-26,15
2009-12-27,26
2009-12-28,0
2009-12-29,5
2009-12-30,0
2009-12-31,6
