Hari,Hujan
2000-01-01,0
2000-01-02,0
2000-01-03,0
2000-01-04,17
2000-01-05,6
2000-01-06,0
2000-01-07,17
2000-01-08,35
2000-01-09,8
2000-01-10,0
2000-01-11,0
2000-01-12,0
2000-01-13,32
2000-01-14,0
2000-01-15,40
2000-01-16,9
2000-01-17,0
2000-01-18,7
2000-01-19,29
2000-01-20,2
2000-01-21,46
2000-01-22,7
2000-01-23,5
2000-01-24,24
2000-01-25,73
2000-01-26,28
2000-01-27,36
2000-01-28,0
2000-01-29,8
2000-01-30,7
2000-01-31,45
2000-02-01,42
2000-02-02,36
2000-02-03,55
2000-02-04,36
2000-02-05,0
2000-02-06,18
2000-02-07,7
2000-02-08,10
2000-02-09,9
2000-02-10,0
2000-02-11,0
2000-02-12,0
2000-02-13,0
2000-02-14,0
2000-02-15,0
2000-02-16,0
2000-02-17,0
2000-02-18,5
2000-02-19,4
2000-02-20,0
2000-02-21,0
2000-02-22,0
2000-02-23,12
2000-02-24,5
2000-02-25,4
2000-02-26,0
2000-02-27,6
2000-02-28,0
2000-02-29,0
NA,NA
NA,NA
2000-03-01,0
2000-03-02,11
2000-03-03,0
2000-03-04,0
2000-03-05,7
2000-03-06,13
2000-03-07,0
2000-03-08,7
2000-03-09,4
2000-03-10,0
2000-03-11,0
2000-03-12,61
2000-03-13,3
2000-03-14,0
2000-03-15,0
2000-03-16,6
2000-03-17,0
2000-03-18,0
2000-03-19,0
2000-03-20,0
2000-03-21,0
2000-03-22,0
2000-03-23,0
2000-03-24,0
2000-03-25,13
2000-03-26,0
2000-03-27,17
2000-03-28,0
2000-03-29,3
2000-03-30,0
2000-03-31,72
2000-04-01,0
2000-04-02,10
2000-04-03,16
2000-04-04,20
2000-04-05,0
2000-04-06,4
2000-04-07,0
2000-04-08,3
2000-04-09,0
2000-04-10,35
2000-04-11,12
2000-04-12,0
2000-04-13,0
2000-04-14,0
2000-04-15,0
2000-04-16,20
2000-04-17,0
2000-04-18,5
2000-04-19,0
2000-04-20,0
2000-04-21,0
2000-04-22,0
2000-04-23,59
2000-04-24,0
2000-04-25,18
2000-04-26,2
2000-04-27,3
2000-04-28,27
2000-04-29,0
2000-04-30,0
NA,NA
2000-05-01,0
2000-05-02,60
2000-05-03,14
2000-05-04,5
2000-05-05,0
2000-05-06,15
2000-05-07,54
2000-05-08,0
2000-05-09,0
2000-05-10,10
2000-05-11,0
2000-05-12,14
2000-05-13,0
2000-05-14,0
2000-05-15,0
2000-05-16,7
2000-05-17,5
2000-05-18,15
2000-05-19,0
2000-05-20,0
2000-05-21,0
2000-05-22,0
2000-05-23,0
2000-05-24,0
2000-05-25,0
2000-05-26,0
2000-05-27,45
2000-05-28,45
2000-05-29,50
2000-05-30,2
2000-05-31,0
2000-06-01,0
2000-06-02,0
2000-06-03,0
2000-06-04,0
2000-06-05,0
2000-06-06,0
2000-06-07,0
2000-06-08,0
2000-06-09,0
2000-06-10,0
2000-06-11,0
2000-06-12,15
2000-06-13,5
2000-06-14,0
2000-06-15,0
2000-06-16,0
2000-06-17,0
2000-06-18,0
2000-06-19,0
2000-06-20,25
2000-06-21,0
2000-06-22,0
2000-06-23,10
2000-06-24,22
2000-06-25,0
2000-06-26,0
2000-06-27,0
2000-06-28,0
2000-06-29,35
2000-06-30,3
NA,NA
2000-07-01,0
2000-07-02,30
2000-07-03,0
2000-07-04,0
2000-07-05,0
2000-07-06,10
2000-07-07,0
2000-07-08,50
2000-07-09,0
2000-07-10,0
2000-07-11,0
2000-07-12,0
2000-07-13,0
2000-07-14,0
2000-07-15,0
2000-07-16,14
2000-07-17,0
2000-07-18,0
2000-07-19,7
2000-07-20,0
2000-07-21,0
2000-07-22,0
2000-07-23,0
2000-07-24,0
2000-07-25,22
2000-07-26,17
2000-07-27,30
2000-07-28,36
2000-07-29,44
2000-07-30,0
2000-07-31,0
2000-08-01,40
2000-08-02,7
2000-08-03,0
2000-08-04,0
2000-08-05,0
2000-08-06,0
2000-08-07,0
2000-08-08,0
2000-08-09,0
2000-08-10,22
2000-08-11,0
2000-08-12,0
2000-08-13,0
2000-08-14,0
2000-08-15,0
2000-08-16,59
2000-08-17,0
2000-08-18,0
2000-08-19,0
2000-08-20,0
2000-08-21,0
2000-08-22,0
2000-08-23,0
2000-08-24,0
2000-08-25,0
2000-08-26,15
2000-08-27,49
2000-08-28,63
2000-08-29,15
2000-08-30,5
2000-08-31,10
2000-09-01,0
2000-09-02,0
2000-09-03,0
2000-09-04,15
2000-09-05,0
2000-09-06,0
2000-09-07,11
2000-09-08,0
2000-09-09,0
2000-09-10,10
2000-09-11,0
2000-09-12,0
2000-09-13,0
2000-09-14,40
2000-09-15,0
2000-09-16,0
2000-09-17,45
2000-09-18,0
2000-09-19,22
2000-09-20,5
2000-09-21,60
2000-09-22,10
2000-09-23,11
2000-09-24,0
2000-09-25,0
2000-09-26,4
2000-09-27,0
2000-09-28,0
2000-09-29,15
2000-09-30,0
NA,NA
2000-10-01,40
2000-10-02,2
2000-10-03,15
2000-10-04,25
2000-10-05,15
2000-10-06,43
2000-10-07,0
2000-10-08,0
2000-10-09,0
2000-10-10,79
2000-10-11,0
2000-10-12,0
2000-10-13,0
2000-10-14,25
2000-10-15,0
2000-10-16,0
2000-10-17,0
2000-10-18,31
2000-10-19,0
2000-10-20,0
2000-10-21,0
2000-10-22,0
2000-10-23,17
2000-10-24,0
2000-10-25,0
2000-10-26,0
2000-10-27,15
2000-10-28,35
2000-10-29,9
2000-10-30,0
2000-10-31,0
2000-11-01,0
2000-11-02,10
2000-11-03,17
2000-11-04,0
2000-11-05,0
2000-11-06,0
2000-11-07,7
2000-11-08,5
2000-11-09,15
2000-11-10,39
2000-11-11,5
2000-11-12,71
2000-11-13,15
2000-11-14,56
2000-11-15,0
2000-11-16,0
2000-11-17,0
2000-11-18,34
2000-11-19,15
2000-11-20,5
2000-11-21,0
2000-11-22,0
2000-11-23,0
2000-11-24,44
2000-11-25,41
2000-11-26,24
2000-11-27,0
2000-11-28,0
2000-11-29,0
2000-11-30,5
NA,NA
2000-12-01,15
2000-12-02,10
2000-12-03,0
2000-12-04,25
2000-12-05,0
2000-12-06,0
2000-12-07,0
2000-12-08,0
2000-12-09,0
2000-12-10,0
2000-12-11,0
2000-12-12,0
2000-12-13,0
2000-12-14,6
2000-12-15,0
2000-12-16,0
2000-12-17,18
2000-12-18,13
2000-12-19,0
2000-12-20,0
2000-12-21,0
2000-12-22,25
2000-12-23,0
2000-12-24,16
2000-12-25,0
2000-12-26,0
2000-12-27,0
2000-12-28,0
2000-12-29,0
2000-12-30,0
2000-12-31,31
2001-01-01,26
2001-01-02,2
2001-01-03,62
2001-01-04,8
2001-01-05,15
2001-01-06,57
2001-01-07,35
2001-01-08,34
2001-01-09,14
2001-01-10,14
2001-01-11,20
2001-01-12,0
2001-01-13,0
2001-01-14,0
2001-01-15,0
2001-01-16,5
2001-01-17,0
2001-01-18,3
2001-01-19,0
2001-01-20,0
2001-01-21,0
2001-01-22,53
2001-01-23,0
2001-01-24,0
2001-01-25,0
2001-01-26,57
2001-01-27,0
2001-01-28,42
2001-01-29,0
2001-01-30,13
2001-01-31,15
2001-02-01,0
2001-02-02,0
2001-02-03,3
2001-02-04,23
2001-02-05,3
2001-02-06,35
2001-02-07,53
2001-02-08,85
2001-02-09,0
2001-02-10,14
2001-02-11,25
2001-02-12,11
2001-02-13,18
2001-02-14,3
2001-02-15,31
2001-02-16,27
2001-02-17,10
2001-02-18,3
2001-02-19,2
2001-02-20,11
2001-02-21,11
2001-02-22,43
2001-02-23,15
2001-02-24,0
2001-02-25,0
2001-02-26,89
2001-02-27,40
2001-02-28,18
NA,NA
NA,NA
NA,NA
2001-03-01,15
2001-03-02,10
2001-03-03,0
2001-03-04,0
2001-03-05,28
2001-03-06,0
2001-03-07,0
2001-03-08,9
2001-03-09,30
2001-03-10,0
2001-03-11,35
2001-03-12,0
2001-03-13,0
2001-03-14,8
2001-03-15,0
2001-03-16,0
2001-03-17,0
2001-03-18,0
2001-03-19,24
2001-03-20,0
2001-03-21,0
2001-03-22,5
2001-03-23,9
2001-03-24,71
2001-03-25,0
2001-03-26,13
2001-03-27,9
2001-03-28,25
2001-03-29,2
2001-03-30,0
2001-03-31,0
2001-04-01,0
2001-04-02,0
2001-04-03,27
2001-04-04,26
2001-04-05,15
2001-04-06,94
2001-04-07,9
2001-04-08,0
2001-04-09,10
2001-04-10,19
2001-04-11,6
2001-04-12,7
2001-04-13,60
2001-04-14,14
2001-04-15,37
2001-04-16,12
2001-04-17,0
2001-04-18,0
2001-04-19,0
2001-04-20,0
2001-04-21,0
2001-04-22,0
2001-04-23,0
2001-04-24,30
2001-04-25,11
2001-04-26,0
2001-04-27,32
2001-04-28,19
2001-04-29,0
2001-04-30,0
NA,NA
2001-05-01,74
2001-05-02,5
2001-05-03,2
2001-05-04,23
2001-05-05,15
2001-05-06,0
2001-05-07,10
2001-05-08,17
2001-05-09,17
2001-05-10,0
2001-05-11,0
2001-05-12,0
2001-05-13,0
2001-05-14,0
2001-05-15,58
2001-05-16,0
2001-05-17,0
2001-05-18,0
2001-05-19,0
2001-05-20,7
2001-05-21,5
2001-05-22,12
2001-05-23,47
2001-05-24,0
2001-05-25,0
2001-05-26,0
2001-05-27,0
2001-05-28,0
2001-05-29,0
2001-05-30,0
2001-05-31,20
2001-06-01,69
2001-06-02,2
2001-06-03,10
2001-06-04,0
2001-06-05,14
2001-06-06,31
2001-06-07,102
2001-06-08,3
2001-06-09,5
2001-06-10,15
2001-06-11,0
2001-06-12,15
2001-06-13,0
2001-06-14,14
2001-06-15,17
2001-06-16,0
2001-06-17,0
2001-06-18,0
2001-06-19,0
2001-06-20,0
2001-06-21,0
2001-06-22,0
2001-06-23,30
2001-06-24,0
2001-06-25,0
2001-06-26,0
2001-06-27,0
2001-06-28,0
2001-06-29,0
2001-06-30,0
NA,NA
2001-07-01,0
2001-07-02,0
2001-07-03,0
2001-07-04,0
2001-07-05,0
2001-07-06,0
2001-07-07,0
2001-07-08,50
2001-07-09,36
2001-07-10,16
2001-07-11,0
2001-07-12,0
2001-07-13,0
2001-07-14,0
2001-07-15,0
2001-07-16,35
2001-07-17,33
2001-07-18,34
2001-07-19,30
2001-07-20,35
2001-07-21,37
2001-07-22,0
2001-07-23,0
2001-07-24,0
2001-07-25,0
2001-07-26,17
2001-07-27,40
2001-07-28,0
2001-07-29,0
2001-07-30,0
2001-07-31,0
2001-08-01,0
2001-08-02,13
2001-08-03,0
2001-08-04,32
2001-08-05,0
2001-08-06,0
2001-08-07,0
2001-08-08,0
2001-08-09,0
2001-08-10,0
2001-08-11,10
2001-08-12,0
2001-08-13,37
2001-08-14,0
2001-08-15,0
2001-08-16,0
2001-08-17,0
2001-08-18,0
2001-08-19,0
2001-08-20,0
2001-08-21,9
2001-08-22,65
2001-08-23,5
2001-08-24,0
2001-08-25,0
2001-08-26,0
2001-08-27,0
2001-08-28,0
2001-08-29,0
2001-08-30,0
2001-08-31,18
2001-09-01,0
2001-09-02,45
2001-09-03,0
2001-09-04,0
2001-09-05,0
2001-09-06,0
2001-09-07,49
2001-09-08,85
2001-09-09,12
2001-09-10,2
2001-09-11,0
2001-09-12,0
2001-09-13,32
2001-09-14,0
2001-09-15,0
2001-09-16,0
2001-09-17,0
2001-09-18,17
2001-09-19,45
2001-09-20,0
2001-09-21,22
2001-09-22,12
2001-09-23,0
2001-09-24,10
2001-09-25,0
2001-09-26,19
2001-09-27,0
2001-09-28,15
2001-09-29,30
2001-09-30,15
NA,NA
2001-10-01,61
2001-10-02,0
2001-10-03,3
2001-10-04,41
2001-10-05,50
2001-10-06,0
2001-10-07,12
2001-10-08,0
2001-10-09,0
2001-10-10,0
2001-10-11,0
2001-10-12,0
2001-10-13,0
2001-10-14,35
2001-10-15,33
2001-10-16,75
2001-10-17,0
2001-10-18,0
2001-10-19,17
2001-10-20,0
2001-10-21,31
2001-10-22,17
2001-10-23,12
2001-10-24,0
2001-10-25,0
2001-10-26,0
2001-10-27,0
2001-10-28,0
2001-10-29,59
2001-10-30,0
2001-10-31,0
2001-11-01,0
2001-11-02,28
2001-11-03,31
2001-11-04,0
2001-11-05,35
2001-11-06,0
2001-11-07,0
2001-11-08,0
2001-11-09,85
2001-11-10,10
2001-11-11,0
2001-11-12,0
2001-11-13,29
2001-11-14,80
2001-11-15,0
2001-11-16,0
2001-11-17,0
2001-11-18,18
2001-11-19,0
2001-11-20,0
2001-11-21,16
2001-11-22,0
2001-11-23,0
2001-11-24,0
2001-11-25,30
2001-11-26,0
2001-11-27,0
2001-11-28,0
2001-11-29,0
2001-11-30,0
NA,NA
2001-12-01,0
2001-12-02,0
2001-12-03,0
2001-12-04,0
2001-12-05,0
2001-12-06,0
2001-12-07,0
2001-12-08,0
2001-12-09,0
2001-12-10,0
2001-12-11,0
2001-12-12,0
2001-12-13,0
2001-12-14,0
2001-12-15,0
2001-12-16,0
2001-12-17,0
2001-12-18,0
2001-12-19,0
2001-12-20,0
2001-12-21,0
2001-12-22,0
2001-12-23,0
2001-12-24,0
2001-12-25,0
2001-12-26,0
2001-12-27,0
2001-12-28,0
2001-12-29,0
2001-12-30,0
2001-12-31,0
2002-01-01,30
2002-01-02,60
2002-01-03,4
2002-01-04,0
2002-01-05,7
2002-01-06,0
2002-01-07,0
2002-01-08,8
2002-01-09,37
2002-01-10,0
2002-01-11,12
2002-01-12,0
2002-01-13,14
2002-01-14,8
2002-01-15,0
2002-01-16,4
2002-01-17,12
2002-01-18,51
2002-01-19,0
2002-01-20,22
2002-01-21,4
2002-01-22,15
2002-01-23,4
2002-01-24,12
2002-01-25,2
2002-01-26,35
2002-01-27,40
2002-01-28,35
2002-01-29,85
2002-01-30,52
2002-01-31,75
2002-02-01,18
2002-02-02,2
2002-02-03,25
2002-02-04,3
2002-02-05,9
2002-02-06,42
2002-02-07,47
2002-02-08,4
2002-02-09,22
2002-02-10,20
2002-02-11,4
2002-02-12,53
2002-02-13,5
2002-02-14,4
2002-02-15,45
2002-02-16,7
2002-02-17,7
2002-02-18,9
2002-02-19,16
2002-02-20,45
2002-02-21,9
2002-02-22,2
2002-02-23,0
2002-02-24,0
2002-02-25,0
2002-02-26,0
2002-02-27,0
2002-02-28,0
NA,NA
NA,NA
NA,NA
2002-03-01,46
2002-03-02,19
2002-03-03,2
2002-03-04,0
2002-03-05,0
2002-03-06,0
2002-03-07,7
2002-03-08,0
2002-03-09,0
2002-03-10,14
2002-03-11,0
2002-03-12,8
2002-03-13,0
2002-03-14,0
2002-03-15,0
2002-03-16,0
2002-03-17,154
2002-03-18,0
2002-03-19,0
2002-03-20,12
2002-03-21,0
2002-03-22,10
2002-03-23,61
2002-03-24,13
2002-03-25,5
2002-03-26,16
2002-03-27,3
2002-03-28,7
2002-03-29,9
2002-03-30,0
2002-03-31,46
2002-04-01,0
2002-04-02,32
2002-04-03,25
2002-04-04,0
2002-04-05,10
2002-04-06,0
2002-04-07,2
2002-04-08,6
2002-04-09,0
2002-04-10,0
2002-04-11,0
2002-04-12,0
2002-04-13,7
2002-04-14,0
2002-04-15,6
2002-04-16,5
2002-04-17,0
2002-04-18,34
2002-04-19,32
2002-04-20,57
2002-04-21,23
2002-04-22,3
2002-04-23,7
2002-04-24,5
2002-04-25,0
2002-04-26,0
2002-04-27,0
2002-04-28,0
2002-04-29,0
2002-04-30,23
NA,NA
2002-05-01,0
2002-05-02,0
2002-05-03,0
2002-05-04,0
2002-05-05,0
2002-05-06,7
2002-05-07,60
2002-05-08,97
2002-05-09,54
2002-05-10,0
2002-05-11,32
2002-05-12,0
2002-05-13,0
2002-05-14,44
2002-05-15,0
2002-05-16,0
2002-05-17,0
2002-05-18,0
2002-05-19,0
2002-05-20,0
2002-05-21,7
2002-05-22,0
2002-05-23,0
2002-05-24,0
2002-05-25,10
2002-05-26,0
2002-05-27,9
2002-05-28,0
2002-05-29,0
2002-05-30,0
2002-05-31,0
2002-06-01,0
2002-06-02,0
2002-06-03,0
2002-06-04,0
2002-06-05,54
2002-06-06,0
2002-06-07,0
2002-06-08,48
2002-06-09,0
2002-06-10,0
2002-06-11,14
2002-06-12,0
2002-06-13,0
2002-06-14,0
2002-06-15,9
2002-06-16,0
2002-06-17,0
2002-06-18,0
2002-06-19,0
2002-06-20,0
2002-06-21,34
2002-06-22,44
2002-06-23,0
2002-06-24,0
2002-06-25,0
2002-06-26,0
2002-06-27,0
2002-06-28,0
2002-06-29,0
2002-06-30,0
NA,NA
2002-07-01,0
2002-07-02,0
2002-07-03,0
2002-07-04,0
2002-07-05,0
2002-07-06,30
2002-07-07,18
2002-07-08,17
2002-07-09,64
2002-07-10,66
2002-07-11,0
2002-07-12,0
2002-07-13,20
2002-07-14,7
2002-07-15,15
2002-07-16,22
2002-07-17,82
2002-07-18,69
2002-07-19,0
2002-07-20,0
2002-07-21,0
2002-07-22,0
2002-07-23,0
2002-07-24,0
2002-07-25,0
2002-07-26,0
2002-07-27,0
2002-07-28,0
2002-07-29,0
2002-07-30,10
2002-07-31,0
2002-08-01,10
2002-08-02,0
2002-08-03,15
2002-08-04,5
2002-08-05,0
2002-08-06,0
2002-08-07,0
2002-08-08,0
2002-08-09,10
2002-08-10,0
2002-08-11,0
2002-08-12,0
2002-08-13,0
2002-08-14,0
2002-08-15,0
2002-08-16,0
2002-08-17,0
2002-08-18,0
2002-08-19,0
2002-08-20,0
2002-08-21,0
2002-08-22,5
2002-08-23,0
2002-08-24,0
2002-08-25,0
2002-08-26,0
2002-08-27,0
2002-08-28,0
2002-08-29,0
2002-08-30,0
2002-08-31,0
2002-09-01,10
2002-09-02,0
2002-09-03,0
2002-09-04,0
2002-09-05,0
2002-09-06,0
2002-09-07,0
2002-09-08,0
2002-09-09,0
2002-09-10,25
2002-09-11,0
2002-09-12,0
2002-09-13,0
2002-09-14,42
2002-09-15,0
2002-09-16,0
2002-09-17,0
2002-09-18,15
2002-09-19,0
2002-09-20,0
2002-09-21,0
2002-09-22,0
2002-09-23,0
2002-09-24,0
2002-09-25,0
2002-09-26,0
2002-09-27,0
2002-09-28,38
2002-09-29,0
2002-09-30,0
NA,NA
2002-10-01,20
2002-10-02,0
2002-10-03,0
2002-10-04,25
2002-10-05,39
2002-10-06,48
2002-10-07,0
2002-10-08,0
2002-10-09,0
2002-10-10,0
2002-10-11,15
2002-10-12,21
2002-10-13,42
2002-10-14,0
2002-10-15,0
2002-10-16,0
2002-10-17,0
2002-10-18,0
2002-10-19,0
2002-10-20,15
2002-10-21,22
2002-10-22,0
2002-10-23,0
2002-10-24,0
2002-10-25,0
2002-10-26,0
2002-10-27,83
2002-10-28,0
2002-10-29,0
2002-10-30,25
2002-10-31,0
2002-11-01,0
2002-11-02,0
2002-11-03,60
2002-11-04,0
2002-11-05,25
2002-11-06,15
2002-11-07,20
2002-11-08,40
2002-11-09,25
2002-11-10,15
2002-11-11,0
2002-11-12,40
2002-11-13,42
2002-11-14,47
2002-11-15,0
2002-11-16,35
2002-11-17,0
2002-11-18,45
2002-11-19,0
2002-11-20,25
2002-11-21,0
2002-11-22,25
2002-11-23,40
2002-11-24,35
2002-11-25,15
2002-11-26,0
2002-11-27,0
2002-11-28,0
2002-11-29,25
2002-11-30,0
NA,NA
2002-12-01,0
2002-12-02,0
2002-12-03,0
2002-12-04,0
2002-12-05,0
2002-12-06,25
2002-12-07,45
2002-12-08,42
2002-12-09,0
2002-12-10,0
2002-12-11,24
2002-12-12,0
2002-12-13,24
2002-12-14,15
2002-12-15,0
2002-12-16,35
2002-12-17,0
2002-12-18,0
2002-12-19,0
2002-12-20,0
2002-12-21,0
2002-12-22,25
2002-12-23,40
2002-12-24,30
2002-12-25,82
2002-12-26,25
2002-12-27,15
2002-12-28,0
2002-12-29,0
2002-12-30,0
2002-12-31,30
2003-01-01,0
2003-01-02,0
2003-01-03,0
2003-01-04,0
2003-01-05,0
2003-01-06,0
2003-01-07,0
2003-01-08,0
2003-01-09,0
2003-01-10,0
2003-01-11,0
2003-01-12,0
2003-01-13,0
2003-01-14,0
2003-01-15,0
2003-01-16,0
2003-01-17,0
2003-01-18,0
2003-01-19,0
2003-01-20,0
2003-01-21,0
2003-01-22,0
2003-01-23,15
2003-01-24,0
2003-01-25,10
2003-01-26,0
2003-01-27,20
2003-01-28,0
2003-01-29,60
2003-01-30,0
2003-01-31,57
2003-02-01,0
2003-02-02,10
2003-02-03,80
2003-02-04,78
2003-02-05,0
2003-02-06,0
2003-02-07,70
2003-02-08,0
2003-02-09,20
2003-02-10,0
2003-02-11,41
2003-02-12,35
2003-02-13,92
2003-02-14,67
2003-02-15,20
2003-02-16,32
2003-02-17,0
2003-02-18,0
2003-02-19,8
2003-02-20,7
2003-02-21,33
2003-02-22,25
2003-02-23,0
2003-02-24,0
2003-02-25,0
2003-02-26,0
2003-02-27,0
2003-02-28,0
NA,NA
NA,NA
NA,NA
2003-03-01,17
2003-03-02,18
2003-03-03,12
2003-03-04,0
2003-03-05,15
2003-03-06,17
2003-03-07,0
2003-03-08,0
2003-03-09,14
2003-03-10,0
2003-03-11,0
2003-03-12,24
2003-03-13,16
2003-03-14,12
2003-03-15,0
2003-03-16,19
2003-03-17,20
2003-03-18,63
2003-03-19,0
2003-03-20,22
2003-03-21,64
2003-03-22,30
2003-03-23,0
2003-03-24,25
2003-03-25,12
2003-03-26,0
2003-03-27,28
2003-03-28,0
2003-03-29,0
2003-03-30,31
2003-03-31,0
2003-04-01,0
2003-04-02,0
2003-04-03,0
2003-04-04,0
2003-04-05,0
2003-04-06,0
2003-04-07,0
2003-04-08,0
2003-04-09,0
2003-04-10,0
2003-04-11,0
2003-04-12,0
2003-04-13,46
2003-04-14,0
2003-04-15,0
2003-04-16,15
2003-04-17,0
2003-04-18,0
2003-04-19,0
2003-04-20,62
2003-04-21,0
2003-04-22,0
2003-04-23,20
2003-04-24,25
2003-04-25,31
2003-04-26,15
2003-04-27,40
2003-04-28,46
2003-04-29,129
2003-04-30,108
NA,NA
2003-05-01,40
2003-05-02,42
2003-05-03,0
2003-05-04,16
2003-05-05,24
2003-05-06,0
2003-05-07,0
2003-05-08,15
2003-05-09,0
2003-05-10,0
2003-05-11,0
2003-05-12,0
2003-05-13,64
2003-05-14,0
2003-05-15,0
2003-05-16,0
2003-05-17,0
2003-05-18,0
2003-05-19,49
2003-05-20,0
2003-05-21,0
2003-05-22,0
2003-05-23,0
2003-05-24,0
2003-05-25,0
2003-05-26,0
2003-05-27,0
2003-05-28,25
2003-05-29,0
2003-05-30,0
2003-05-31,0
2003-06-01,0
2003-06-02,0
2003-06-03,0
2003-06-04,0
2003-06-05,0
2003-06-06,0
2003-06-07,0
2003-06-08,0
2003-06-09,0
2003-06-10,0
2003-06-11,0
2003-06-12,0
2003-06-13,0
2003-06-14,42
2003-06-15,30
2003-06-16,0
2003-06-17,0
2003-06-18,0
2003-06-19,0
2003-06-20,0
2003-06-21,21
2003-06-22,0
2003-06-23,36
2003-06-24,0
2003-06-25,0
2003-06-26,0
2003-06-27,0
2003-06-28,0
2003-06-29,0
2003-06-30,0
NA,NA
2003-07-01,0
2003-07-02,0
2003-07-03,0
2003-07-04,0
2003-07-05,0
2003-07-06,0
2003-07-07,0
2003-07-08,0
2003-07-09,0
2003-07-10,0
2003-07-11,0
2003-07-12,0
2003-07-13,4
2003-07-14,0
2003-07-15,0
2003-07-16,0
2003-07-17,0
2003-07-18,0
2003-07-19,0
2003-07-20,0
2003-07-21,0
2003-07-22,0
2003-07-23,0
2003-07-24,0
2003-07-25,0
2003-07-26,0
2003-07-27,0
2003-07-28,0
2003-07-29,0
2003-07-30,0
2003-07-31,0
2003-08-01,0
2003-08-02,0
2003-08-03,0
2003-08-04,0
2003-08-05,0
2003-08-06,0
2003-08-07,0
2003-08-08,0
2003-08-09,0
2003-08-10,0
2003-08-11,0
2003-08-12,0
2003-08-13,0
2003-08-14,0
2003-08-15,0
2003-08-16,0
2003-08-17,0
2003-08-18,0
2003-08-19,120
2003-08-20,0
2003-08-21,25
2003-08-22,0
2003-08-23,10
2003-08-24,0
2003-08-25,19
2003-08-26,0
2003-08-27,0
2003-08-28,40
2003-08-29,90
2003-08-30,4
2003-08-31,0
2003-09-01,8
2003-09-02,0
2003-09-03,86
2003-09-04,0
2003-09-05,23
2003-09-06,0
2003-09-07,0
2003-09-08,0
2003-09-09,0
2003-09-10,0
2003-09-11,0
2003-09-12,80
2003-09-13,0
2003-09-14,14
2003-09-15,10
2003-09-16,0
2003-09-17,0
2003-09-18,0
2003-09-19,70
2003-09-20,0
2003-09-21,0
2003-09-22,0
2003-09-23,0
2003-09-24,0
2003-09-25,0
2003-09-26,0
2003-09-27,0
2003-09-28,0
2003-09-29,0
2003-09-30,0
NA,NA
2003-10-01,0
2003-10-02,0
2003-10-03,0
2003-10-04,14
2003-10-05,80
2003-10-06,60
2003-10-07,0
2003-10-08,32
2003-10-09,0
2003-10-10,0
2003-10-11,0
2003-10-12,20
2003-10-13,0
2003-10-14,0
2003-10-15,12
2003-10-16,81
2003-10-17,77
2003-10-18,41
2003-10-19,0
2003-10-20,0
2003-10-21,0
2003-10-22,0
2003-10-23,0
2003-10-24,0
2003-10-25,0
2003-10-26,38
2003-10-27,0
2003-10-28,0
2003-10-29,0
2003-10-30,0
2003-10-31,20
2003-11-01,0
2003-11-02,0
2003-11-03,0
2003-11-04,0
2003-11-05,20
2003-11-06,10
2003-11-07,0
2003-11-08,0
2003-11-09,0
2003-11-10,0
2003-11-11,0
2003-11-12,0
2003-11-13,35
2003-11-14,0
2003-11-15,0
2003-11-16,28
2003-11-17,0
2003-11-18,80
2003-11-19,0
2003-11-20,0
2003-11-21,0
2003-11-22,0
2003-11-23,0
2003-11-24,40
2003-11-25,42
2003-11-26,0
2003-11-27,0
2003-11-28,0
2003-11-29,0
2003-11-30,0
NA,NA
2003-12-01,0
2003-12-02,27
2003-12-03,51
2003-12-04,0
2003-12-05,7
2003-12-06,6
2003-12-07,0
2003-12-08,6
2003-12-09,0
2003-12-10,0
2003-12-11,4
2003-12-12,22
2003-12-13,14
2003-12-14,0
2003-12-15,0
2003-12-16,0
2003-12-17,0
2003-12-18,20
2003-12-19,0
2003-12-20,5
2003-12-21,20
2003-12-22,0
2003-12-23,20
2003-12-24,15
2003-12-25,0
2003-12-26,25
2003-12-27,0
2003-12-28,28
2003-12-29,6
2003-12-30,35
2003-12-31,51
2004-01-01,35
2004-01-02,0
2004-01-03,0
2004-01-04,0
2004-01-05,64
2004-01-06,0
2004-01-07,32
2004-01-08,20
2004-01-09,25
2004-01-10,62
2004-01-11,30
2004-01-12,52
2004-01-13,32
2004-01-14,0
2004-01-15,0
2004-01-16,0
2004-01-17,15
2004-01-18,90
2004-01-19,35
2004-01-20,0
2004-01-21,0
2004-01-22,35
2004-01-23,78
2004-01-24,0
2004-01-25,0
2004-01-26,98
2004-01-27,17
2004-01-28,12
2004-01-29,0
2004-01-30,0
2004-01-31,0
2004-02-01,0
2004-02-02,0
2004-02-03,59
2004-02-04,0
2004-02-05,19
2004-02-06,17
2004-02-07,0
2004-02-08,12
2004-02-09,31
2004-02-10,15
2004-02-11,35
2004-02-12,19
2004-02-13,21
2004-02-14,15
2004-02-15,16
2004-02-16,30
2004-02-17,20
2004-02-18,50
2004-02-19,36
2004-02-20,0
2004-02-21,13
2004-02-22,0
2004-02-23,0
2004-02-24,28
2004-02-25,10
2004-02-26,0
2004-02-27,0
2004-02-28,56
2004-02-29,51
NA,NA
NA,NA
2004-03-01,0
2004-03-02,0
2004-03-03,32
2004-03-04,30
2004-03-05,0
2004-03-06,40
2004-03-07,30
2004-03-08,0
2004-03-09,20
2004-03-10,0
2004-03-11,0
2004-03-12,36
2004-03-13,45
2004-03-14,0
2004-03-15,30
2004-03-16,21
2004-03-17,52
2004-03-18,22
2004-03-19,0
2004-03-20,0
2004-03-21,0
2004-03-22,0
2004-03-23,0
2004-03-24,0
2004-03-25,0
2004-03-26,0
2004-03-27,10
2004-03-28,15
2004-03-29,20
2004-03-30,0
2004-03-31,12
2004-04-01,55
2004-04-02,20
2004-04-03,0
2004-04-04,12
2004-04-05,25
2004-04-06,0
2004-04-07,30
2004-04-08,27
2004-04-09,34
2004-04-10,0
2004-04-11,20
2004-04-12,0
2004-04-13,0
2004-04-14,0
2004-04-15,0
2004-04-16,0
2004-04-17,0
2004-04-18,25
2004-04-19,0
2004-04-20,0
2004-04-21,40
2004-04-22,42
2004-04-23,50
2004-04-24,45
2004-04-25,0
2004-04-26,0
2004-04-27,0
2004-04-28,10
2004-04-29,0
2004-04-30,32
NA,NA
2004-05-01,70
2004-05-02,0
2004-05-03,24
2004-05-04,31
2004-05-05,21
2004-05-06,10
2004-05-07,0
2004-05-08,0
2004-05-09,0
2004-05-10,0
2004-05-11,48
2004-05-12,0
2004-05-13,0
2004-05-14,0
2004-05-15,0
2004-05-16,109
2004-05-17,25
2004-05-18,51
2004-05-19,0
2004-05-20,15
2004-05-21,0
2004-05-22,0
2004-05-23,20
2004-05-24,0
2004-05-25,0
2004-05-26,37
2004-05-27,25
2004-05-28,20
2004-05-29,0
2004-05-30,0
2004-05-31,0
2004-06-01,0
2004-06-02,0
2004-06-03,0
2004-06-04,0
2004-06-05,0
2004-06-06,0
2004-06-07,0
2004-06-08,0
2004-06-09,0
2004-06-10,0
2004-06-11,0
2004-06-12,0
2004-06-13,0
2004-06-14,62
2004-06-15,0
2004-06-16,0
2004-06-17,0
2004-06-18,0
2004-06-19,32
2004-06-20,0
2004-06-21,0
2004-06-22,0
2004-06-23,15
2004-06-24,0
2004-06-25,0
2004-06-26,0
2004-06-27,0
2004-06-28,0
2004-06-29,0
2004-06-30,0
NA,NA
2004-07-01,0
2004-07-02,0
2004-07-03,0
2004-07-04,0
2004-07-05,0
2004-07-06,0
2004-07-07,0
2004-07-08,0
2004-07-09,0
2004-07-10,38
2004-07-11,0
2004-07-12,10
2004-07-13,0
2004-07-14,15
2004-07-15,40
2004-07-16,30
2004-07-17,0
2004-07-18,0
2004-07-19,0
2004-07-20,0
2004-07-21,0
2004-07-22,0
2004-07-23,0
2004-07-24,0
2004-07-25,0
2004-07-26,0
2004-07-27,0
2004-07-28,0
2004-07-29,0
2004-07-30,0
2004-07-31,0
2004-08-01,25
2004-08-02,0
2004-08-03,0
2004-08-04,0
2004-08-05,0
2004-08-06,0
2004-08-07,0
2004-08-08,0
2004-08-09,0
2004-08-10,0
2004-08-11,0
2004-08-12,0
2004-08-13,0
2004-08-14,0
2004-08-15,0
2004-08-16,0
2004-08-17,0
2004-08-18,0
2004-08-19,0
2004-08-20,0
2004-08-21,0
2004-08-22,0
2004-08-23,0
2004-08-24,0
2004-08-25,0
2004-08-26,0
2004-08-27,0
2004-08-28,0
2004-08-29,0
2004-08-30,0
2004-08-31,0
2004-09-01,38
2004-09-02,15
2004-09-03,50
2004-09-04,20
2004-09-05,0
2004-09-06,0
2004-09-07,0
2004-09-08,0
2004-09-09,0
2004-09-10,68
2004-09-11,20
2004-09-12,0
2004-09-13,0
2004-09-14,0
2004-09-15,0
2004-09-16,0
2004-09-17,0
2004-09-18,0
2004-09-19,0
2004-09-20,0
2004-09-21,0
2004-09-22,0
2004-09-23,0
2004-09-24,35
2004-09-25,40
2004-09-26,30
2004-09-27,37
2004-09-28,30
2004-09-29,0
2004-09-30,25
NA,NA
2004-10-01,30
2004-10-02,0
2004-10-03,27
2004-10-04,0
2004-10-05,0
2004-10-06,44
2004-10-07,0
2004-10-08,0
2004-10-09,40
2004-10-10,12
2004-10-11,0
2004-10-12,0
2004-10-13,0
2004-10-14,0
2004-10-15,0
2004-10-16,0
2004-10-17,0
2004-10-18,0
2004-10-19,0
2004-10-20,40
2004-10-21,0
2004-10-22,36
2004-10-23,37
2004-10-24,0
2004-10-25,0
2004-10-26,0
2004-10-27,0
2004-10-28,0
2004-10-29,13
2004-10-30,11
2004-10-31,0
2004-11-01,20
2004-11-02,0
2004-11-03,0
2004-11-04,25
2004-11-05,85
2004-11-06,91
2004-11-07,25
2004-11-08,11
2004-11-09,36
2004-11-10,20
2004-11-11,35
2004-11-12,0
2004-11-13,27
2004-11-14,25
2004-11-15,32
2004-11-16,73
2004-11-17,60
2004-11-18,0
2004-11-19,0
2004-11-20,0
2004-11-21,5
2004-11-22,27
2004-11-23,25
2004-11-24,15
2004-11-25,49
2004-11-26,25
2004-11-27,0
2004-11-28,20
2004-11-29,27
2004-11-30,24
NA,NA
2004-12-01,0
2004-12-02,0
2004-12-03,0
2004-12-04,0
2004-12-05,0
2004-12-06,0
2004-12-07,0
2004-12-08,0
2004-12-09,0
2004-12-10,0
2004-12-11,88
2004-12-12,48
2004-12-13,0
2004-12-14,35
2004-12-15,0
2004-12-16,25
2004-12-17,0
2004-12-18,0
2004-12-19,86
2004-12-20,24
2004-12-21,0
2004-12-22,0
2004-12-23,0
2004-12-24,51
2004-12-25,52
2004-12-26,23
2004-12-27,24
2004-12-28,35
2004-12-29,0
2004-12-30,0
2004-12-31,10
2005-01-01,17
2005-01-02,0
2005-01-03,0
2005-01-04,20
2005-01-05,0
2005-01-06,14
2005-01-07,27
2005-01-08,42
2005-01-09,53
2005-01-10,0
2005-01-11,0
2005-01-12,42
2005-01-13,31
2005-01-14,21
2005-01-15,22
2005-01-16,46
2005-01-17,54
2005-01-18,111
2005-01-19,0
2005-01-20,52
2005-01-21,15
2005-01-22,42
2005-01-23,0
2005-01-24,27
2005-01-25,0
2005-01-26,0
2005-01-27,17
2005-01-28,0
2005-01-29,23
2005-01-30,0
2005-01-31,0
2005-02-01,19
2005-02-02,15
2005-02-03,14
2005-02-04,63
2005-02-05,29
2005-02-06,21
2005-02-07,54
2005-02-08,0
2005-02-09,0
2005-02-10,0
2005-02-11,30
2005-02-12,55
2005-02-13,32
2005-02-14,0
2005-02-15,16
2005-02-16,41
2005-02-17,22
2005-02-18,24
2005-02-19,42
2005-02-20,39
2005-02-21,12
2005-02-22,25
2005-02-23,31
2005-02-24,37
2005-02-25,21
2005-02-26,41
2005-02-27,25
2005-02-28,22
NA,NA
NA,NA
NA,NA
2005-03-01,35
2005-03-02,0
2005-03-03,9
2005-03-04,12
2005-03-05,81
2005-03-06,62
2005-03-07,27
2005-03-08,18
2005-03-09,0
2005-03-10,11
2005-03-11,31
2005-03-12,0
2005-03-13,45
2005-03-14,32
2005-03-15,0
2005-03-16,25
2005-03-17,11
2005-03-18,22
2005-03-19,42
2005-03-20,0
2005-03-21,0
2005-03-22,0
2005-03-23,27
2005-03-24,21
2005-03-25,25
2005-03-26,0
2005-03-27,41
2005-03-28,35
2005-03-29,25
2005-03-30,0
2005-03-31,0
2005-04-01,0
2005-04-02,0
2005-04-03,0
2005-04-04,0
2005-04-05,0
2005-04-06,0
2005-04-07,0
2005-04-08,0
2005-04-09,21
2005-04-10,17
2005-04-11,25
2005-04-12,0
2005-04-13,9
2005-04-14,41
2005-04-15,0
2005-04-16,0
2005-04-17,11
2005-04-18,0
2005-04-19,45
2005-04-20,0
2005-04-21,0
2005-04-22,0
2005-04-23,0
2005-04-24,0
2005-04-25,0
2005-04-26,0
2005-04-27,41
2005-04-28,92
2005-04-29,0
2005-04-30,0
NA,NA
2005-05-01,0
2005-05-02,0
2005-05-03,0
2005-05-04,0
2005-05-05,0
2005-05-06,25
2005-05-07,12
2005-05-08,35
2005-05-09,0
2005-05-10,0
2005-05-11,0
2005-05-12,21
2005-05-13,0
2005-05-14,0
2005-05-15,64
2005-05-16,0
2005-05-17,0
2005-05-18,0
2005-05-19,0
2005-05-20,0
2005-05-21,0
2005-05-22,0
2005-05-23,0
2005-05-24,0
2005-05-25,0
2005-05-26,0
2005-05-27,0
2005-05-28,0
2005-05-29,10
2005-05-30,0
2005-05-31,0
2005-06-01,0
2005-06-02,0
2005-06-03,0
2005-06-04,0
2005-06-05,84
2005-06-06,21
2005-06-07,0
2005-06-08,27
2005-06-09,0
2005-06-10,0
2005-06-11,0
2005-06-12,25
2005-06-13,24
2005-06-14,44
2005-06-15,14
2005-06-16,0
2005-06-17,0
2005-06-18,0
2005-06-19,0
2005-06-20,0
2005-06-21,17
2005-06-22,0
2005-06-23,20
2005-06-24,42
2005-06-25,27
2005-06-26,21
2005-06-27,0
2005-06-28,16
2005-06-29,24
2005-06-30,0
NA,NA
2005-07-01,0
2005-07-02,0
2005-07-03,0
2005-07-04,21
2005-07-05,0
2005-07-06,41
2005-07-07,0
2005-07-08,0
2005-07-09,0
2005-07-10,15
2005-07-11,17
2005-07-12,0
2005-07-13,25
2005-07-14,20
2005-07-15,15
2005-07-16,30
2005-07-17,0
2005-07-18,12
2005-07-19,0
2005-07-20,22
2005-07-21,0
2005-07-22,0
2005-07-23,0
2005-07-24,0
2005-07-25,0
2005-07-26,0
2005-07-27,0
2005-07-28,0
2005-07-29,0
2005-07-30,0
2005-07-31,0
2005-08-01,0
2005-08-02,2
2005-08-03,0
2005-08-04,24
2005-08-05,0
2005-08-06,0
2005-08-07,0
2005-08-08,0
2005-08-09,0
2005-08-10,17
2005-08-11,27
2005-08-12,0
2005-08-13,0
2005-08-14,0
2005-08-15,0
2005-08-16,10
2005-08-17,9
2005-08-18,6
2005-08-19,25
2005-08-20,30
2005-08-21,15
2005-08-22,0
2005-08-23,0
2005-08-24,0
2005-08-25,12
2005-08-26,0
2005-08-27,0
2005-08-28,0
2005-08-29,0
2005-08-30,39
2005-08-31,0
2005-09-01,0
2005-09-02,0
2005-09-03,0
2005-09-04,0
2005-09-05,0
2005-09-06,0
2005-09-07,0
2005-09-08,0
2005-09-09,0
2005-09-10,0
2005-09-11,10
2005-09-12,27
2005-09-13,0
2005-09-14,21
2005-09-15,0
2005-09-16,9
2005-09-17,0
2005-09-18,0
2005-09-19,21
2005-09-20,41
2005-09-21,0
2005-09-22,21
2005-09-23,15
2005-09-24,20
2005-09-25,17
2005-09-26,0
2005-09-27,0
2005-09-28,0
2005-09-29,20
2005-09-30,30
NA,NA
2005-10-01,0
2005-10-02,30
2005-10-03,0
2005-10-04,15
2005-10-05,21
2005-10-06,25
2005-10-07,0
2005-10-08,0
2005-10-09,0
2005-10-10,28
2005-10-11,31
2005-10-12,41
2005-10-13,0
2005-10-14,0
2005-10-15,25
2005-10-16,29
2005-10-17,0
2005-10-18,0
2005-10-19,0
2005-10-20,0
2005-10-21,0
2005-10-22,25
2005-10-23,31
2005-10-24,0
2005-10-25,0
2005-10-26,0
2005-10-27,28
2005-10-28,0
2005-10-29,0
2005-10-30,0
2005-10-31,0
2005-11-01,20
2005-11-02,0
2005-11-03,25
2005-11-04,30
2005-11-05,16
2005-11-06,20
2005-11-07,25
2005-11-08,0
2005-11-09,0
2005-11-10,35
2005-11-11,0
2005-11-12,0
2005-11-13,37
2005-11-14,0
2005-11-15,0
2005-11-16,0
2005-11-17,27
2005-11-18,21
2005-11-19,0
2005-11-20,0
2005-11-21,43
2005-11-22,0
2005-11-23,0
2005-11-24,11
2005-11-25,25
2005-11-26,30
2005-11-27,0
2005-11-28,35
2005-11-29,0
2005-11-30,0
NA,NA
2005-12-01,11
2005-12-02,0
2005-12-03,0
2005-12-04,0
2005-12-05,0
2005-12-06,14
2005-12-07,7
2005-12-08,13
2005-12-09,39
2005-12-10,25
2005-12-11,9
2005-12-12,0
2005-12-13,0
2005-12-14,0
2005-12-15,21
2005-12-16,0
2005-12-17,11
2005-12-18,25
2005-12-19,0
2005-12-20,0
2005-12-21,0
2005-12-22,10
2005-12-23,8
2005-12-24,0
2005-12-25,22
2005-12-26,0
2005-12-27,0
2005-12-28,12
2005-12-29,8
2005-12-30,0
2005-12-31,0
2006-01-01,15
2006-01-02,11
2006-01-03,22
2006-01-04,9
2006-01-05,17
2006-01-06,0
2006-01-07,6
2006-01-08,12
2006-01-09,0
2006-01-10,15
2006-01-11,22
2006-01-12,42
2006-01-13,0
2006-01-14,0
2006-01-15,32
2006-01-16,7
2006-01-17,21
2006-01-18,19
2006-01-19,0
2006-01-20,0
2006-01-21,16
2006-01-22,0
2006-01-23,65
2006-01-24,35
2006-01-25,21
2006-01-26,19
2006-01-27,26
2006-01-28,31
2006-01-29,11
2006-01-30,7
2006-01-31,21
2006-02-01,14
2006-02-02,0
2006-02-03,11
2006-02-04,7
2006-02-05,9
2006-02-06,54
2006-02-07,17
2006-02-08,35
2006-02-09,71
2006-02-10,7
2006-02-11,0
2006-02-12,0
2006-02-13,19
2006-02-14,0
2006-02-15,41
2006-02-16,21
2006-02-17,19
2006-02-18,0
2006-02-19,0
2006-02-20,12
2006-02-21,0
2006-02-22,7
2006-02-23,0
2006-02-24,0
2006-02-25,46
2006-02-26,42
2006-02-27,17
2006-02-28,0
NA,NA
NA,NA
NA,NA
2006-03-01,7
2006-03-02,0
2006-03-03,0
2006-03-04,12
2006-03-05,9
2006-03-06,0
2006-03-07,0
2006-03-08,0
2006-03-09,0
2006-03-10,0
2006-03-11,0
2006-03-12,0
2006-03-13,6
2006-03-14,0
2006-03-15,0
2006-03-16,0
2006-03-17,0
2006-03-18,22
2006-03-19,9
2006-03-20,0
2006-03-21,25
2006-03-22,0
2006-03-23,25
2006-03-24,10
2006-03-25,15
2006-03-26,0
2006-03-27,0
2006-03-28,0
2006-03-29,0
2006-03-30,0
2006-03-31,0
2006-04-01,0
2006-04-02,0
2006-04-03,11
2006-04-04,0
2006-04-05,9
2006-04-06,0
2006-04-07,0
2006-04-08,0
2006-04-09,0
2006-04-10,0
2006-04-11,21
2006-04-12,11
2006-04-13,9
2006-04-14,17
2006-04-15,25
2006-04-16,42
2006-04-17,0
2006-04-18,0
2006-04-19,0
2006-04-20,12
2006-04-21,17
2006-04-22,24
2006-04-23,11
2006-04-24,9
2006-04-25,7
2006-04-26,0
2006-04-27,0
2006-04-28,0
2006-04-29,0
2006-04-30,0
NA,NA
2006-05-01,15
2006-05-02,0
2006-05-03,0
2006-05-04,35
2006-05-05,0
2006-05-06,0
2006-05-07,0
2006-05-08,33
2006-05-09,0
2006-05-10,0
2006-05-11,0
2006-05-12,0
2006-05-13,0
2006-05-14,0
2006-05-15,0
2006-05-16,0
2006-05-17,0
2006-05-18,0
2006-05-19,0
2006-05-20,0
2006-05-21,55
2006-05-22,0
2006-05-23,0
2006-05-24,0
2006-05-25,0
2006-05-26,0
2006-05-27,51
2006-05-28,45
2006-05-29,35
2006-05-30,0
2006-05-31,0
2006-06-01,31
2006-06-02,2
2006-06-03,5
2006-06-04,31
2006-06-05,0
2006-06-06,0
2006-06-07,0
2006-06-08,0
2006-06-09,0
2006-06-10,0
2006-06-11,0
2006-06-12,0
2006-06-13,0
2006-06-14,0
2006-06-15,0
2006-06-16,0
2006-06-17,0
2006-06-18,0
2006-06-19,0
2006-06-20,0
2006-06-21,0
2006-06-22,0
2006-06-23,0
2006-06-24,0
2006-06-25,0
2006-06-26,0
2006-06-27,0
2006-06-28,0
2006-06-29,0
2006-06-30,0
NA,NA
2006-07-01,0
2006-07-02,0
2006-07-03,0
2006-07-04,0
2006-07-05,0
2006-07-06,0
2006-07-07,0
2006-07-08,0
2006-07-09,0
2006-07-10,41
2006-07-11,0
2006-07-12,0
2006-07-13,0
2006-07-14,0
2006-07-15,0
2006-07-16,0
2006-07-17,15
2006-07-18,15
2006-07-19,0
2006-07-20,0
2006-07-21,0
2006-07-22,0
2006-07-23,0
2006-07-24,0
2006-07-25,0
2006-07-26,0
2006-07-27,0
2006-07-28,7
2006-07-29,0
2006-07-30,0
2006-07-31,4
2006-08-01,0
2006-08-02,0
2006-08-03,0
2006-08-04,0
2006-08-05,0
2006-08-06,0
2006-08-07,0
2006-08-08,0
2006-08-09,5
2006-08-10,0
2006-08-11,0
2006-08-12,0
2006-08-13,0
2006-08-14,0
2006-08-15,0
2006-08-16,0
2006-08-17,0
2006-08-18,0
2006-08-19,0
2006-08-20,0
2006-08-21,0
2006-08-22,0
2006-08-23,0
2006-08-24,0
2006-08-25,4
2006-08-26,0
2006-08-27,0
2006-08-28,0
2006-08-29,0
2006-08-30,0
2006-08-31,6
2006-09-01,0
2006-09-02,0
2006-09-03,0
2006-09-04,0
2006-09-05,0
2006-09-06,0
2006-09-07,0
2006-09-08,0
2006-09-09,0
2006-09-10,0
2006-09-11,0
2006-09-12,0
2006-09-13,0
2006-09-14,45
2006-09-15,18
2006-09-16,0
2006-09-17,0
2006-09-18,0
2006-09-19,0
2006-09-20,0
2006-09-21,0
2006-09-22,0
2006-09-23,0
2006-09-24,0
2006-09-25,0
2006-09-26,0
2006-09-27,0
2006-09-28,11
2006-09-29,0
2006-09-30,0
NA,NA
2006-10-01,0
2006-10-02,0
2006-10-03,0
2006-10-04,0
2006-10-05,51
2006-10-06,31
2006-10-07,56
2006-10-08,0
2006-10-09,0
2006-10-10,0
2006-10-11,0
2006-10-12,0
2006-10-13,0
2006-10-14,0
2006-10-15,35
2006-10-16,0
2006-10-17,0
2006-10-18,0
2006-10-19,0
2006-10-20,0
2006-10-21,31
2006-10-22,0
2006-10-23,0
2006-10-24,0
2006-10-25,0
2006-10-26,0
2006-10-27,0
2006-10-28,0
2006-10-29,0
2006-10-30,0
2006-10-31,22
2006-11-01,10
2006-11-02,0
2006-11-03,0
2006-11-04,22
2006-11-05,0
2006-11-06,0
2006-11-07,50
2006-11-08,0
2006-11-09,0
2006-11-10,0
2006-11-11,0
2006-11-12,0
2006-11-13,0
2006-11-14,0
2006-11-15,0
2006-11-16,0
2006-11-17,62
2006-11-18,0
2006-11-19,0
2006-11-20,0
2006-11-21,0
2006-11-22,6
2006-11-23,15
2006-11-24,12
2006-11-25,8
2006-11-26,39
2006-11-27,0
2006-11-28,39
2006-11-29,0
2006-11-30,20
NA,NA
2006-12-01,33
2006-12-02,12
2006-12-03,24
2006-12-04,0
2006-12-05,33
2006-12-06,2
2006-12-07,13
2006-12-08,61
2006-12-09,4
2006-12-10,0
2006-12-11,0
2006-12-12,0
2006-12-13,0
2006-12-14,30
2006-12-15,0
2006-12-16,0
2006-12-17,6
2006-12-18,0
2006-12-19,21
2006-12-20,22
2006-12-21,50
2006-12-22,23
2006-12-23,28
2006-12-24,60
2006-12-25,56
2006-12-26,0
2006-12-27,0
2006-12-28,51
2006-12-29,25
2006-12-30,17
2006-12-31,0
2007-01-01,2
2007-01-02,0
2007-01-03,0
2007-01-04,0
2007-01-05,0
2007-01-06,0
2007-01-07,0
2007-01-08,0
2007-01-09,0
2007-01-10,0
2007-01-11,0
2007-01-12,0
2007-01-13,0
2007-01-14,0
2007-01-15,5
2007-01-16,6
2007-01-17,36
2007-01-18,0
2007-01-19,30
2007-01-20,0
2007-01-21,5
2007-01-22,25
2007-01-23,53
2007-01-24,0
2007-01-25,0
2007-01-26,0
2007-01-27,0
2007-01-28,25
2007-01-29,88
2007-01-30,8
2007-01-31,42
2007-02-01,22
2007-02-02,0
2007-02-03,172
2007-02-04,64
2007-02-05,46
2007-02-06,0
2007-02-07,0
2007-02-08,0
2007-02-09,0
2007-02-10,0
2007-02-11,9
2007-02-12,66
2007-02-13,2
2007-02-14,7
2007-02-15,51
2007-02-16,68
2007-02-17,79
2007-02-18,29
2007-02-19,23
2007-02-20,0
2007-02-21,0
2007-02-22,0
2007-02-23,31
2007-02-24,0
2007-02-25,0
2007-02-26,22
2007-02-27,8
2007-02-28,0
NA,NA
NA,NA
NA,NA
2007-03-01,0
2007-03-02,24
2007-03-03,0
2007-03-04,7
2007-03-05,0
2007-03-06,17
2007-03-07,26
2007-03-08,21
2007-03-09,37
2007-03-10,12
2007-03-11,0
2007-03-12,3
2007-03-13,4
2007-03-14,0
2007-03-15,37
2007-03-16,0
2007-03-17,0
2007-03-18,0
2007-03-19,14
2007-03-20,10
2007-03-21,0
2007-03-22,0
2007-03-23,0
2007-03-24,0
2007-03-25,0
2007-03-26,0
2007-03-27,9
2007-03-28,0
2007-03-29,0
2007-03-30,0
2007-03-31,0
2007-04-01,0
2007-04-02,53
2007-04-03,17
2007-04-04,7
2007-04-05,21
2007-04-06,30
2007-04-07,14
2007-04-08,55
2007-04-09,60
2007-04-10,0
2007-04-11,0
2007-04-12,13
2007-04-13,89
2007-04-14,3
2007-04-15,0
2007-04-16,0
2007-04-17,9
2007-04-18,12
2007-04-19,24
2007-04-20,3
2007-04-21,0
2007-04-22,0
2007-04-23,0
2007-04-24,10
2007-04-25,0
2007-04-26,7
2007-04-27,65
2007-04-28,0
2007-04-29,0
2007-04-30,0
NA,NA
2007-05-01,0
2007-05-02,18
2007-05-03,6
2007-05-04,0
2007-05-05,0
2007-05-06,21
2007-05-07,0
2007-05-08,0
2007-05-09,0
2007-05-10,0
2007-05-11,0
2007-05-12,0
2007-05-13,0
2007-05-14,0
2007-05-15,0
2007-05-16,9
2007-05-17,0
2007-05-18,12
2007-05-19,8
2007-05-20,54
2007-05-21,0
2007-05-22,0
2007-05-23,0
2007-05-24,0
2007-05-25,0
2007-05-26,0
2007-05-27,0
2007-05-28,0
2007-05-29,45
2007-05-30,16
2007-05-31,0
2007-06-01,0
2007-06-02,7
2007-06-03,6
2007-06-04,0
2007-06-05,25
2007-06-06,0
2007-06-07,0
2007-06-08,30
2007-06-09,34
2007-06-10,0
2007-06-11,0
2007-06-12,0
2007-06-13,0
2007-06-14,0
2007-06-15,0
2007-06-16,0
2007-06-17,31
2007-06-18,0
2007-06-19,24
2007-06-20,0
2007-06-21,0
2007-06-22,0
2007-06-23,0
2007-06-24,0
2007-06-25,0
2007-06-26,0
2007-06-27,44
2007-06-28,77
2007-06-29,0
2007-06-30,0
NA,NA
2007-07-01,18
2007-07-02,0
2007-07-03,0
2007-07-04,0
2007-07-05,0
2007-07-06,24
2007-07-07,21
2007-07-08,57
2007-07-09,0
2007-07-10,0
2007-07-11,0
2007-07-12,0
2007-07-13,0
2007-07-14,0
2007-07-15,0
2007-07-16,0
2007-07-17,0
2007-07-18,0
2007-07-19,0
2007-07-20,0
2007-07-21,7
2007-07-22,0
2007-07-23,0
2007-07-24,0
2007-07-25,0
2007-07-26,0
2007-07-27,0
2007-07-28,0
2007-07-29,0
2007-07-30,0
2007-07-31,0
2007-08-01,0
2007-08-02,0
2007-08-03,0
2007-08-04,0
2007-08-05,0
2007-08-06,0
2007-08-07,0
2007-08-08,0
2007-08-09,0
2007-08-10,0
2007-08-11,0
2007-08-12,0
2007-08-13,0
2007-08-14,0
2007-08-15,22
2007-08-16,0
2007-08-17,0
2007-08-18,0
2007-08-19,0
2007-08-20,11
2007-08-21,26
2007-08-22,25
2007-08-23,0
2007-08-24,0
2007-08-25,0
2007-08-26,0
2007-08-27,0
2007-08-28,0
2007-08-29,0
2007-08-30,0
2007-08-31,0
2007-09-01,0
2007-09-02,0
2007-09-03,0
2007-09-04,0
2007-09-05,0
2007-09-06,0
2007-09-07,0
2007-09-08,59
2007-09-09,0
2007-09-10,0
2007-09-11,0
2007-09-12,0
2007-09-13,0
2007-09-14,0
2007-09-15,20
2007-09-16,0
2007-09-17,12
2007-09-18,0
2007-09-19,0
2007-09-20,0
2007-09-21,0
2007-09-22,0
2007-09-23,0
2007-09-24,0
2007-09-25,28
2007-09-26,0
2007-09-27,0
2007-09-28,0
2007-09-29,0
2007-09-30,0
NA,NA
2007-10-01,0
2007-10-02,0
2007-10-03,0
2007-10-04,0
2007-10-05,0
2007-10-06,0
2007-10-07,25
2007-10-08,24
2007-10-09,0
2007-10-10,0
2007-10-11,0
2007-10-12,0
2007-10-13,0
2007-10-14,0
2007-10-15,0
2007-10-16,0
2007-10-17,0
2007-10-18,0
2007-10-19,21
2007-10-20,0
2007-10-21,0
2007-10-22,0
2007-10-23,77
2007-10-24,27
2007-10-25,0
2007-10-26,0
2007-10-27,0
2007-10-28,0
2007-10-29,52
2007-10-30,19
2007-10-31,0
2007-11-01,0
2007-11-02,0
2007-11-03,0
2007-11-04,86
2007-11-05,10
2007-11-06,21
2007-11-07,23
2007-11-08,21
2007-11-09,26
2007-11-10,48
2007-11-11,56
2007-11-12,66
2007-11-13,11
2007-11-14,0
2007-11-15,9
2007-11-16,0
2007-11-17,0
2007-11-18,40
2007-11-19,0
2007-11-20,0
2007-11-21,0
2007-11-22,0
2007-11-23,12
2007-11-24,0
2007-11-25,0
2007-11-26,0
2007-11-27,0
2007-11-28,20
2007-11-29,0
2007-11-30,53
NA,NA
2007-12-01,0
2007-12-02,61
2007-12-03,68
2007-12-04,0
2007-12-05,89
2007-12-06,61
2007-12-07,72
2007-12-08,0
2007-12-09,9
2007-12-10,69
2007-12-11,49
2007-12-12,13
2007-12-13,40
2007-12-14,9
2007-12-15,27
2007-12-16,0
2007-12-17,4
2007-12-18,0
2007-12-19,40
2007-12-20,30
2007-12-21,9
2007-12-22,0
2007-12-23,0
2007-12-24,0
2007-12-25,0
2007-12-26,0
2007-12-27,35
2007-12-28,8
2007-12-29,18
2007-12-30,0
2007-12-31,17
2008-01-01,92
2008-01-02,24
2008-01-03,0
2008-01-04,43
2008-01-05,0
2008-01-06,0
2008-01-07,24
2008-01-08,0
2008-01-09,0
2008-01-10,0
2008-01-11,0
2008-01-12,0
2008-01-13,0
2008-01-14,0
2008-01-15,7
2008-01-16,0
2008-01-17,78
2008-01-18,0
2008-01-19,22
2008-01-20,27
2008-01-21,0
2008-01-22,20
2008-01-23,0
2008-01-24,0
2008-01-25,0
2008-01-26,18
2008-01-27,12
2008-01-28,0
2008-01-29,17
2008-01-30,11
2008-01-31,12
2008-02-01,67
2008-02-02,12
2008-02-03,0
2008-02-04,0
2008-02-05,23
2008-02-06,12
2008-02-07,8
2008-02-08,17
2008-02-09,18
2008-02-10,0
2008-02-11,0
2008-02-12,8
2008-02-13,0
2008-02-14,29
2008-02-15,0
2008-02-16,0
2008-02-17,28
2008-02-18,25
2008-02-19,4
2008-02-20,9
2008-02-21,18
2008-02-22,11
2008-02-23,0
2008-02-24,45
2008-02-25,0
2008-02-26,40
2008-02-27,0
2008-02-28,0
2008-02-29,0
NA,NA
NA,NA
2008-03-01,0
2008-03-02,36
2008-03-03,19
2008-03-04,12
2008-03-05,11
2008-03-06,26
2008-03-07,0
2008-03-08,0
2008-03-09,49
2008-03-10,17
2008-03-11,18
2008-03-12,24
2008-03-13,12
2008-03-14,59
2008-03-15,21
2008-03-16,51
2008-03-17,55
2008-03-18,48
2008-03-19,36
2008-03-20,12
2008-03-21,0
2008-03-22,40
2008-03-23,0
2008-03-24,10
2008-03-25,0
2008-03-26,0
2008-03-27,0
2008-03-28,0
2008-03-29,0
2008-03-30,19
2008-03-31,0
2008-04-01,21
2008-04-02,0
2008-04-03,0
2008-04-04,0
2008-04-05,0
2008-04-06,41
2008-04-07,75
2008-04-08,12
2008-04-09,0
2008-04-10,0
2008-04-11,32
2008-04-12,23
2008-04-13,17
2008-04-14,0
2008-04-15,27
2008-04-16,0
2008-04-17,0
2008-04-18,0
2008-04-19,0
2008-04-20,73
2008-04-21,7
2008-04-22,0
2008-04-23,0
2008-04-24,0
2008-04-25,0
2008-04-26,0
2008-04-27,0
2008-04-28,0
2008-04-29,0
2008-04-30,21
NA,21
2008-05-01,0
2008-05-02,12
2008-05-03,19
2008-05-04,31
2008-05-05,0
2008-05-06,0
2008-05-07,26
2008-05-08,0
2008-05-09,0
2008-05-10,0
2008-05-11,0
2008-05-12,0
2008-05-13,0
2008-05-14,18
2008-05-15,12
2008-05-16,41
2008-05-17,0
2008-05-18,0
2008-05-19,3
2008-05-20,2
2008-05-21,0
2008-05-22,0
2008-05-23,0
2008-05-24,0
2008-05-25,0
2008-05-26,0
2008-05-27,0
2008-05-28,27
2008-05-29,0
2008-05-30,0
2008-05-31,0
2008-06-01,0
2008-06-02,0
2008-06-03,0
2008-06-04,10
2008-06-05,2
2008-06-06,21
2008-06-07,0
2008-06-08,0
2008-06-09,0
2008-06-10,0
2008-06-11,0
2008-06-12,61
2008-06-13,0
2008-06-14,0
2008-06-15,0
2008-06-16,0
2008-06-17,17
2008-06-18,0
2008-06-19,0
2008-06-20,0
2008-06-21,0
2008-06-22,3
2008-06-23,0
2008-06-24,0
2008-06-25,0
2008-06-26,0
2008-06-27,0
2008-06-28,0
2008-06-29,0
2008-06-30,0
NA,NA
2008-07-01,0
2008-07-02,0
2008-07-03,0
2008-07-04,0
2008-07-05,0
2008-07-06,0
2008-07-07,0
2008-07-08,0
2008-07-09,0
2008-07-10,0
2008-07-11,11
2008-07-12,0
2008-07-13,12
2008-07-14,0
2008-07-15,0
2008-07-16,0
2008-07-17,0
2008-07-18,0
2008-07-19,0
2008-07-20,0
2008-07-21,0
2008-07-22,0
2008-07-23,0
2008-07-24,0
2008-07-25,0
2008-07-26,0
2008-07-27,0
2008-07-28,0
2008-07-29,0
2008-07-30,0
2008-07-31,16
2008-08-01,0
2008-08-02,15
2008-08-03,0
2008-08-04,0
2008-08-05,0
2008-08-06,0
2008-08-07,0
2008-08-08,0
2008-08-09,0
2008-08-10,0
2008-08-11,0
2008-08-12,0
2008-08-13,2
2008-08-14,0
2008-08-15,10
2008-08-16,0
2008-08-17,0
2008-08-18,0
2008-08-19,0
2008-08-20,4
2008-08-21,5
2008-08-22,0
2008-08-23,0
2008-08-24,0
2008-08-25,0
2008-08-26,0
2008-08-27,0
2008-08-28,0
2008-08-29,0
2008-08-30,15
2008-08-31,21
2008-09-01,16
2008-09-02,0
2008-09-03,0
2008-09-04,12
2008-09-05,24
2008-09-06,11
2008-09-07,0
2008-09-08,96
2008-09-09,11
2008-09-10,0
2008-09-11,0
2008-09-12,0
2008-09-13,0
2008-09-14,0
2008-09-15,0
2008-09-16,0
2008-09-17,0
2008-09-18,0
2008-09-19,0
2008-09-20,0
2008-09-21,0
2008-09-22,30
2008-09-23,0
2008-09-24,104
2008-09-25,96
2008-09-26,43
2008-09-27,0
2008-09-28,41
2008-09-29,0
2008-09-30,50
NA,NA
2008-10-01,0
2008-10-02,0
2008-10-03,0
2008-10-04,115
2008-10-05,0
2008-10-06,8
2008-10-07,0
2008-10-08,3
2008-10-09,0
2008-10-10,0
2008-10-11,5
2008-10-12,0
2008-10-13,0
2008-10-14,16
2008-10-15,6
2008-10-16,29
2008-10-17,30
2008-10-18,8
2008-10-19,11
2008-10-20,5
2008-10-21,0
2008-10-22,24
2008-10-23,54
2008-10-24,0
2008-10-25,0
2008-10-26,36
2008-10-27,0
2008-10-28,38
2008-10-29,0
2008-10-30,0
2008-10-31,42
2008-11-01,50
2008-11-02,32
2008-11-03,21
2008-11-04,74
2008-11-05,0
2008-11-06,25
2008-11-07,4
2008-11-08,0
2008-11-09,22
2008-11-10,127
2008-11-11,0
2008-11-12,0
2008-11-13,166
2008-11-14,0
2008-11-15,11
2008-11-16,0
2008-11-17,5
2008-11-18,0
2008-11-19,0
2008-11-20,0
2008-11-21,20
2008-11-22,0
2008-11-23,35
2008-11-24,5
2008-11-25,0
2008-11-26,39
2008-11-27,0
2008-11-28,0
2008-11-29,0
2008-11-30,5
NA,NA
2008-12-01,67
2008-12-02,7
2008-12-03,100
2008-12-04,62
2008-12-05,8
2008-12-06,8
2008-12-07,8
2008-12-08,10
2008-12-09,0
2008-12-10,23
2008-12-11,7
2008-12-12,0
2008-12-13,8
2008-12-14,5
2008-12-15,14
2008-12-16,0
2008-12-17,0
2008-12-18,0
2008-12-19,16
2008-12-20,0
2008-12-21,9
2008-12-22,15
2008-12-23,11
2008-12-24,28
2008-12-25,38
2008-12-26,0
2008-12-27,0
2008-12-28,0
2008-12-29,0
2008-12-30,0
2008-12-31,0
2009-01-01,9
2009-01-02,9
2009-01-03,0
2009-01-04,0
2009-01-05,0
2009-01-06,45
2009-01-07,0
2009-01-08,54
2009-01-09,7
2009-01-10,0
2009-01-11,28
2009-01-12,18
2009-01-13,52
2009-01-14,45
2009-01-15,16
2009-01-16,6
2009-01-17,9
2009-01-18,0
2009-01-19,50
2009-01-20,78
2009-01-21,0
2009-01-22,0
2009-01-23,0
2009-01-24,41
2009-01-25,11
2009-01-26,3
2009-01-27,0
2009-01-28,0
2009-01-29,17
2009-01-30,9
2009-01-31,7
NA,23
NA,28
NA,26
NA,23
NA,20
NA,28
NA,3
NA,36
NA,19
NA,0
NA,22
NA,23
NA,0
NA,0
NA,0
NA,0
NA,5
NA,0
NA,25
NA,0
NA,45
NA,12
NA,0
NA,30
NA,0
NA,0
NA,15
NA,34
NA,NA
NA,NA
NA,NA
2009-03-01,2
2009-03-02,0
2009-03-03,0
2009-03-04,12
2009-03-05,4
2009-03-06,0
2009-03-07,0
2009-03-08,0
2009-03-09,69
2009-03-10,22
2009-03-11,24
2009-03-12,41
2009-03-13,17
2009-03-14,11
2009-03-15,0
2009-03-16,0
2009-03-17,0
2009-03-18,0
2009-03-19,0
2009-03-20,0
2009-03-21,0
2009-03-22,49
2009-03-23,18
2009-03-24,0
2009-03-25,5
2009-03-26,32
2009-03-27,0
2009-03-28,7
2009-03-29,13
2009-03-30,0
2009-03-31,0
2009-04-01,0
2009-04-02,10
2009-04-03,0
2009-04-04,0
2009-04-05,0
2009-04-06,57
2009-04-07,48
2009-04-08,0
2009-04-09,0
2009-04-10,0
2009-04-11,0
2009-04-12,59
2009-04-13,0
2009-04-14,0
2009-04-15,21
2009-04-16,8
2009-04-17,0
2009-04-18,38
2009-04-19,8
2009-04-20,0
2009-04-21,11
2009-04-22,0
2009-04-23,26
2009-04-24,0
2009-04-25,0
2009-04-26,37
2009-04-27,0
2009-04-28,0
2009-04-29,0
2009-04-30,11
NA,NA
2009-05-01,35
2009-05-02,0
2009-05-03,0
2009-05-04,0
2009-05-05,78
2009-05-06,0
2009-05-07,17
2009-05-08,65
2009-05-09,0
2009-05-10,0
2009-05-11,23
2009-05-12,0
2009-05-13,6
2009-05-14,0
2009-05-15,0
2009-05-16,0
2009-05-17,0
2009-05-18,18
2009-05-19,5
2009-05-20,6
2009-05-21,9
2009-05-22,0
2009-05-23,0
2009-05-24,21
2009-05-25,0
2009-05-26,0
2009-05-27,0
2009-05-28,0
2009-05-29,0
2009-05-30,0
2009-05-31,0
2009-06-01,0
2009-06-02,17
2009-06-03,37
2009-06-04,0
2009-06-05,20
2009-06-06,0
2009-06-07,0
2009-06-08,2
2009-06-09,0
2009-06-10,0
2009-06-11,0
2009-06-12,9
2009-06-13,25
2009-06-14,21
2009-06-15,25
2009-06-16,0
2009-06-17,17
2009-06-18,0
2009-06-19,0
2009-06-20,0
2009-06-21,0
2009-06-22,0
2009-06-23,17
2009-06-24,0
2009-06-25,0
2009-06-26,0
2009-06-27,0
2009-06-28,0
2009-06-29,0
2009-06-30,0
NA,NA
2009-07-01,0
2009-07-02,0
2009-07-03,0
2009-07-04,0
2009-07-05,0
2009-07-06,0
2009-07-07,0
2009-07-08,0
2009-07-09,0
2009-07-10,0
2009-07-11,0
2009-07-12,0
2009-07-13,0
2009-07-14,0
2009-07-15,0
2009-07-16,0
2009-07-17,0
2009-07-18,0
2009-07-19,0
2009-07-20,0
2009-07-21,0
2009-07-22,0
2009-07-23,3
2009-07-24,112
2009-07-25,0
2009-07-26,0
2009-07-27,0
2009-07-28,0
2009-07-29,0
2009-07-30,0
2009-07-31,0
NA,0
NA,0
NA,0
NA,0
NA,0
NA,0
NA,0
NA,0
NA,0
NA,0
NA,0
NA,0
NA,0
NA,0
NA,14
NA,0
NA,29
NA,0
NA,0
NA,0
NA,0
NA,0
NA,0
NA,13
NA,0
NA,41
NA,0
NA,0
NA,0
NA,0
NA,0
2009-09-01,0
2009-09-02,0
2009-09-03,0
2009-09-04,0
2009-09-05,92
2009-09-06,0
2009-09-07,0
2009-09-08,0
2009-09-09,0
2009-09-10,54
2009-09-11,37
2009-09-12,0
2009-09-13,0
2009-09-14,0
2009-09-15,0
2009-09-16,55
2009-09-17,35
2009-09-18,3
2009-09-19,9
2009-09-20,0
2009-09-21,0
2009-09-22,0
2009-09-23,0
2009-09-24,17
2009-09-25,0
2009-09-26,0
2009-09-27,0
2009-09-28,0
2009-09-29,0
2009-09-30,0
NA,NA
2009-10-01,7
2009-10-02,0
2009-10-03,5
2009-10-04,26
2009-10-05,28
2009-10-06,0
2009-10-07,0
2009-10-08,18
2009-10-09,0
2009-10-10,7
2009-10-11,12
2009-10-12,25
2009-10-13,41
2009-10-14,44
2009-10-15,0
2009-10-16,0
2009-10-17,0
2009-10-18,0
2009-10-19,0
2009-10-20,0
2009-10-21,0
2009-10-22,54
2009-10-23,25
2009-10-24,33
2009-10-25,0
2009-10-26,44
2009-10-27,0
2009-10-28,34
2009-10-29,0
2009-10-30,0
2009-10-31,28
NA,0
NA,0
NA,0
NA,0
NA,0
NA,80
NA,0
NA,4
NA,29
NA,5
NA,15
NA,4
NA,25
NA,6
NA,35
NA,3
NA,6
NA,0
NA,28
NA,10
NA,12
NA,26
NA,0
NA,41
NA,0
NA,15
NA,7
NA,6
NA,35
NA,0
NA,NA
2009-12-01,10
2009-12-02,32
2009-12-03,5
2009-12-04,11
2009-12-05,0
2009-12-06,0
2009-12-07,38
2009-12-08,0
2009-12-09,7
2009-12-10,0
2009-12-11,0
2009-12-12,5
2009-12-13,6
2009-12-14,19
2009-12-15,2
2009-12-16,0
2009-12-17,0
2009-12-18,0
2009-12-19,0
2009-12-20,0
2009-12-21,0
2009-12-22,0
2009-12-23,81
2009-12-24,32
2009-12-25,12
2009-12-26,33
2009-12-27,75
2009-12-28,0
2009-12-29,11
2009-12-30,55
2009-12-31,7
